Brand,Battery_capacity(mAh),Screen_size(inches),Touchscreen,Processor,RAM(GB),Internal_storage(GB),Operating system,Wi-Fi,Bluetooth,GPS,Number of SIMs,3G,4G/ LTE,Price,Resolution_width(px),Resolution_height(px),Rear_Camera(MP),Front_Camera(MP)
infinix,4000,6,Yes,4,3,16,android,Yes,Yes,Yes,2,No,Yes,7499,720,1280,13,5
intex,1850,5,Yes,4,1,8,android,Yes,Yes,Yes,2,Yes,No,4295,720,1280,8,8
lenovo,2300,5,Yes,4,1,8,android,Yes,Yes,Yes,2,Yes,Yes,5000,720,1280,8,2
lg,2500,5,Yes,4,2,16,android,Yes,Yes,No,2,Yes,Yes,6299,720,1280,8,5
oneplus,3000,6,Yes,4,6,64,android,Yes,Yes,Yes,2,Yes,Yes,22999,1080,1920,16,8
lyf,3000,6,Yes,8,2,16,android,No,Yes,Yes,2,No,Yes,7000,720,1280,13,5
jivi,2300,4,Yes,4,1,8,android,Yes,Yes,Yes,2,Yes,Yes,2550,480,800,5,2
oppo,3700,6,Yes,8,8,128,android,Yes,Yes,Yes,2,Yes,Yes,21299,1080,2340,12,25
gionee,5000,5,Yes,4,1,8,android,Yes,Yes,Yes,2,Yes,No,3490,720,1280,8,2
intex,1700,5,Yes,2,0,4,android,Yes,Yes,Yes,2,Yes,No,3800,480,854,5,2
gionee,4000,5,Yes,8,3,32,android,Yes,Yes,Yes,2,Yes,Yes,4999,720,1280,13,20
lg,3000,6,Yes,8,4,64,android,Yes,Yes,Yes,1,No,No,11849,1080,2160,16,5
lava,2350,5,Yes,4,1,8,android,Yes,Yes,Yes,2,Yes,Yes,6600,720,1280,8,5
intex,1400,4,Yes,4,1,8,android,Yes,Yes,Yes,2,Yes,Yes,2590,480,800,2,0
lenovo,2000,5,Yes,4,1,8,android,Yes,Yes,Yes,2,Yes,Yes,6000,480,854,5,2
htc,2700,6,Yes,4,2,16,android,Yes,Yes,Yes,2,Yes,Yes,7890,720,1280,13,5
honor,3100,6,Yes,8,2,16,android,Yes,Yes,Yes,1,No,No,5999,720,1280,13,8
infinix,4000,7,Yes,8,4,64,android,Yes,Yes,Yes,2,Yes,Yes,8999,720,1600,16,32
motorola,2600,6,Yes,4,4,64,android,Yes,Yes,Yes,2,Yes,Yes,11999,1440,2560,13,5
panasonic,4000,5,Yes,4,2,16,android,Yes,Yes,No,2,Yes,Yes,6499,720,1280,8,2
intex,2700,5,Yes,4,1,8,android,Yes,Yes,Yes,2,Yes,Yes,4495,480,854,8,5
blackberry,3450,5,Yes,4,3,32,blackberry,Yes,Yes,Yes,1,Yes,Yes,15999,1440,1440,13,2
intex,4020,5,Yes,4,3,32,android,Yes,Yes,Yes,2,No,Yes,3999,720,1280,13,5
xiaomi,3300,6,Yes,8,2,16,android,Yes,Yes,Yes,2,Yes,Yes,6499,720,1440,12,5
intex,2200,5,Yes,4,1,8,android,Yes,Yes,Yes,2,Yes,Yes,4999,720,1280,8,5
blackberry,3500,5,Yes,8,4,64,android,Yes,Yes,Yes,2,Yes,Yes,19994,1080,1620,12,8
lenovo,2900,6,Yes,8,2,16,android,Yes,Yes,Yes,2,Yes,Yes,9999,1080,1920,13,5
lenovo,5100,6,Yes,8,3,32,android,Yes,Yes,Yes,2,Yes,Yes,16999,1080,1920,13,5
nokia,1430,4,Yes,2,1,8,windows,Yes,Yes,Yes,1,Yes,No,7500,480,800,5,0
10.or,4000,6,Yes,8,3,32,android,Yes,No,Yes,2,Yes,Yes,6999,1080,1920,13,16
oppo,3765,7,Yes,8,6,64,android,Yes,Yes,Yes,2,Yes,Yes,23990,1080,2340,16,16
coolpad,4060,6,Yes,8,6,64,android,Yes,Yes,No,2,No,Yes,8999,1080,1920,13,8
samsung,3300,7,Yes,8,8,256,android,Yes,Yes,Yes,1,No,No,174990,1080,2636,12,10
oppo,3500,6,Yes,8,6,64,android,Yes,Yes,Yes,2,Yes,Yes,17990,1080,2340,16,25
itel,3000,6,Yes,4,3,16,android,Yes,Yes,No,2,Yes,Yes,8480,720,1440,13,13
karbonn,4000,6,Yes,4,2,16,android,Yes,Yes,Yes,2,Yes,Yes,8226,720,1280,13,8
xiaomi,3000,5,Yes,8,3,32,android,Yes,Yes,Yes,2,Yes,Yes,7180,720,1440,12,5
hp,4150,6,Yes,4,4,64,windows,Yes,Yes,Yes,1,Yes,Yes,88719,1440,2560,15,8
alcatel,2610,5,Yes,8,3,16,android,Yes,Yes,Yes,1,Yes,Yes,16999,1080,1920,13,8
iball,3000,6,Yes,4,1,8,android,Yes,Yes,No,2,Yes,No,5000,720,1280,8,5
honor,3000,5,Yes,8,3,16,android,Yes,Yes,Yes,1,Yes,Yes,14999,1080,1920,13,5
blackberry,1450,3,Yes,1,0,1,blackberry,Yes,Yes,Yes,1,Yes,No,7500,360,480,5,0
coolpad,3050,6,Yes,4,2,16,android,Yes,Yes,No,3,Yes,Yes,4590,720,1080,8,8
xolo,1920,5,Yes,8,2,16,android,Yes,Yes,Yes,2,Yes,No,5499,720,1280,8,2
htc,2600,6,Yes,4,1,8,android,Yes,Yes,Yes,2,Yes,Yes,27390,720,1280,13,5
motorola,3000,5,Yes,8,3,32,android,Yes,Yes,Yes,2,Yes,Yes,9999,1080,1920,16,5
xiaomi,4000,6,Yes,8,2,16,android,Yes,Yes,Yes,2,Yes,Yes,7332,720,1520,12,8
lyf,3200,6,Yes,8,3,32,android,Yes,Yes,Yes,2,Yes,Yes,6499,1080,1920,16,8
karbonn,2300,5,Yes,1,0,4,android,Yes,Yes,Yes,2,Yes,No,3999,480,854,3,0
kult,3000,5,Yes,4,3,32,android,Yes,Yes,Yes,2,Yes,Yes,3999,720,1280,13,13
panasonic,5000,5,Yes,4,3,32,android,Yes,Yes,Yes,2,Yes,Yes,5935,720,1280,13,5
lenovo,4000,5,Yes,4,2,16,android,Yes,Yes,Yes,2,Yes,No,18748,720,1280,8,1
asus,3300,6,Yes,4,8,128,android,Yes,Yes,Yes,2,Yes,Yes,49999,1440,2560,23,8
intex,2200,5,Yes,4,3,16,android,Yes,Yes,Yes,2,Yes,Yes,6800,720,1280,8,2
intex,3000,5,Yes,4,1,8,android,Yes,Yes,Yes,2,Yes,No,3099,720,1280,5,2
lg,2520,5,Yes,8,2,16,android,Yes,Yes,Yes,1,Yes,Yes,8000,1080,1920,13,8
iball,2200,6,Yes,4,1,8,android,Yes,Yes,Yes,2,No,No,3999,720,1280,8,5
htc,3300,6,Yes,8,3,32,android,Yes,Yes,No,2,Yes,Yes,7999,720,1520,12,8
tecno,3050,6,Yes,4,3,32,android,Yes,Yes,Yes,2,Yes,Yes,5930,720,1440,13,13
gionee,1950,5,Yes,4,1,8,android,Yes,Yes,Yes,2,Yes,No,4150,480,854,5,2
nubia,3000,6,Yes,8,3,32,android,Yes,Yes,Yes,2,Yes,Yes,8999,720,1280,13,5
intex,2000,5,Yes,4,1,8,android,Yes,Yes,Yes,2,Yes,Yes,4400,480,854,5,2
oppo,2900,5,Yes,8,3,32,android,Yes,Yes,Yes,2,Yes,Yes,12000,720,1280,13,16
lg,3550,6,Yes,8,6,64,android,Yes,Yes,Yes,2,Yes,Yes,39990,1080,2248,12,8
ziox,3000,5,Yes,4,1,16,android,Yes,Yes,Yes,2,No,Yes,3499,480,854,5,5
intex,2000,5,Yes,4,0,8,android,Yes,Yes,Yes,2,Yes,No,2199,480,854,2,0
lenovo,2000,5,Yes,4,1,8,android,Yes,Yes,Yes,2,No,No,6450,480,854,5,2
coolpad,2500,6,Yes,4,3,16,android,Yes,Yes,Yes,2,Yes,Yes,5990,720,1280,8,8
htc,2500,5,Yes,8,4,64,android,Yes,Yes,Yes,2,Yes,Yes,15500,1080,1920,16,16
mphone,3050,6,Yes,8,4,64,android,Yes,Yes,Yes,2,Yes,Yes,6499,1080,1920,21,8
gionee,2050,5,Yes,8,1,16,android,Yes,Yes,Yes,1,Yes,No,5499,720,1280,8,5
aqua,2800,5,Yes,4,1,16,android,Yes,Yes,No,1,No,No,4599,720,1280,13,5
xiaomi,4850,6,Yes,6,4,128,android,Yes,Yes,Yes,2,Yes,Yes,19999,1080,1920,16,5
sony,2300,5,Yes,8,3,32,android,Yes,Yes,No,2,No,Yes,7994,720,1280,23,8
ivoomi,4000,5,Yes,4,2,16,android,Yes,Yes,Yes,2,Yes,Yes,4999,720,1440,13,8
intex,3000,5,Yes,4,2,16,android,Yes,Yes,Yes,2,Yes,Yes,8200,720,1280,13,5
blackberry,2515,4,Yes,2,2,16,blackberry,Yes,Yes,Yes,1,Yes,No,13899,720,720,8,2
oppo,3075,6,Yes,8,3,32,android,Yes,Yes,Yes,2,Yes,Yes,15990,720,1280,13,16
lg,2300,5,Yes,4,2,16,android,Yes,Yes,Yes,1,Yes,Yes,7990,720,1280,13,8
infocus,4000,6,Yes,4,2,16,android,Yes,Yes,Yes,2,Yes,Yes,6850,720,1440,13,8
meizu,3300,6,Yes,8,3,32,android,Yes,Yes,No,2,Yes,Yes,8999,720,1440,13,8
blackberry,2800,5,Yes,2,2,16,blackberry,Yes,Yes,Yes,1,Yes,Yes,7200,720,1280,8,2
panasonic,2500,6,Yes,8,1,8,android,Yes,Yes,Yes,2,Yes,No,11900,720,1280,13,2
karbonn,2900,5,Yes,4,2,16,android,Yes,Yes,Yes,2,No,No,6999,720,1280,8,8
lg,2300,5,Yes,4,1,8,android,Yes,Yes,Yes,1,Yes,No,3994,720,1280,13,5
lava,2000,5,Yes,4,1,8,android,Yes,Yes,Yes,2,Yes,Yes,4900,480,800,5,5
asus,3000,6,Yes,8,4,32,android,Yes,Yes,Yes,2,Yes,Yes,5499,1080,1920,13,8
nokia,3000,6,Yes,8,3,32,android,Yes,Yes,Yes,2,Yes,Yes,8849,1080,1920,16,8
leeco,3100,6,Yes,4,1,32,android,Yes,Yes,Yes,2,Yes,Yes,7790,1440,2560,21,8
xiaomi,4000,6,Yes,8,3,32,android,Yes,Yes,Yes,2,Yes,Yes,8290,1080,2280,12,5
lava,1750,5,Yes,4,0,8,android,Yes,Yes,No,1,Yes,No,4299,854,480,5,0
asus,5000,6,Yes,8,4,64,android,Yes,Yes,Yes,2,Yes,Yes,26999,1080,1920,12,13
samsung,3500,6,Yes,8,4,64,android,Yes,Yes,Yes,1,No,No,15999,1080,2220,16,24
samsung,2600,5,Yes,4,2,16,android,Yes,Yes,Yes,2,Yes,Yes,8299,720,1280,8,5
lenovo,2300,5,Yes,4,2,16,android,Yes,Yes,Yes,2,Yes,Yes,6399,720,1280,8,2
gionee,3150,6,Yes,8,3,32,android,Yes,Yes,Yes,2,Yes,Yes,15998,720,1280,13,5
swipe,3000,6,Yes,4,3,16,android,Yes,Yes,Yes,2,Yes,Yes,7500,720,1280,13,5
motorola,3050,6,Yes,8,3,32,android,Yes,Yes,Yes,2,Yes,Yes,7499,1080,1920,16,8
xiaomi,4030,6,Yes,8,4,64,android,Yes,Yes,Yes,2,Yes,Yes,11845,720,1560,48,32
kult,2600,5,Yes,4,3,32,android,Yes,Yes,No,2,Yes,Yes,3999,720,1280,13,5
vivo,4030,6,Yes,8,4,64,android,Yes,Yes,Yes,1,No,No,10499,720,1520,13,20
lava,1800,5,Yes,4,1,4,android,Yes,Yes,Yes,2,Yes,No,3632,480,854,8,2
billion,3500,6,Yes,8,3,32,android,Yes,Yes,Yes,2,Yes,Yes,4890,1080,1920,13,8
mobiistar,3000,6,Yes,8,3,32,android,Yes,Yes,Yes,2,Yes,Yes,5199,1080,1920,13,13
panasonic,2500,5,Yes,4,2,16,android,Yes,Yes,Yes,2,Yes,Yes,8990,720,1280,13,5
xolo,2300,5,Yes,4,1,8,android,Yes,Yes,Yes,2,Yes,No,7999,720,1280,8,5
tecno,3750,6,Yes,8,4,64,android,Yes,Yes,Yes,2,Yes,Yes,7420,720,1440,16,20
huawei,3340,6,Yes,8,4,128,android,Yes,Yes,Yes,2,Yes,Yes,21999,1080,2340,16,24
zen,2700,6,Yes,4,1,8,android,Yes,Yes,Yes,2,Yes,Yes,3899,720,1280,8,5
intex,4000,5,Yes,4,1,8,android,Yes,Yes,Yes,2,Yes,No,5990,720,1280,5,2
lava,2500,5,Yes,4,1,8,android,Yes,Yes,Yes,2,Yes,Yes,3990,720,1280,5,2
kult,2350,5,Yes,4,3,16,android,Yes,Yes,Yes,2,Yes,Yes,4499,720,1280,13,5
vivo,4000,7,Yes,8,6,64,android,Yes,Yes,Yes,2,Yes,Yes,14990,1080,2340,12,32
coolpad,2500,5,Yes,4,3,16,android,Yes,Yes,Yes,2,Yes,Yes,4290,720,1280,13,8
gionee,3150,6,Yes,8,3,32,android,Yes,Yes,Yes,2,Yes,Yes,12000,1080,1920,13,8
gionee,2300,5,Yes,8,2,16,android,Yes,Yes,Yes,1,Yes,No,10999,1080,1920,13,5
motorola,3760,5,Yes,8,3,32,android,Yes,Yes,Yes,1,Yes,Yes,6994,1440,2560,21,5
micromax,2000,5,Yes,4,1,16,android,Yes,Yes,Yes,2,Yes,No,5199,720,1280,13,5
micromax,2820,6,Yes,4,2,16,android,Yes,Yes,Yes,2,Yes,Yes,4499,720,1280,13,5
blackberry,2100,3,Yes,1,2,16,blackberry,Yes,Yes,Yes,1,Yes,Yes,9899,720,720,8,2
motorola,4000,5,Yes,4,2,16,android,Yes,Yes,Yes,2,Yes,Yes,6190,720,1280,8,2
intex,1400,4,Yes,4,0,4,android,Yes,Yes,Yes,2,Yes,No,2799,480,800,2,2
ziox,3000,5,Yes,4,1,16,android,Yes,Yes,Yes,2,Yes,Yes,3499,720,1280,5,5
intex,2000,5,Yes,4,1,8,android,Yes,Yes,Yes,2,Yes,Yes,4099,480,854,5,2
panasonic,3000,6,Yes,8,3,32,android,Yes,Yes,Yes,2,Yes,Yes,13990,720,1280,13,5
honor,3000,5,Yes,8,4,64,android,Yes,Yes,No,2,Yes,Yes,14933,1080,1920,12,8
lenovo,3500,6,Yes,8,3,32,android,Yes,Yes,Yes,2,Yes,Yes,7990,1080,1920,13,8
samsung,2400,5,Yes,4,2,16,android,Yes,Yes,Yes,2,Yes,Yes,12499,720,1280,13,5
samsung,5000,7,Yes,8,12,128,android,Yes,Yes,Yes,2,Yes,Yes,92999,1440,3200,108,40
panasonic,2300,5,Yes,4,1,16,android,Yes,Yes,Yes,2,No,No,3675,720,1280,8,5
zopo,2680,5,Yes,8,3,32,android,Yes,Yes,Yes,2,Yes,Yes,7399,1080,1920,13,13
intex,1900,5,Yes,4,1,8,android,Yes,Yes,Yes,2,Yes,Yes,4866,480,854,5,2
intex,2500,5,Yes,4,1,8,android,Yes,Yes,Yes,2,Yes,Yes,6199,720,1280,8,5
vivo,1900,5,Yes,4,0,4,android,Yes,Yes,Yes,2,Yes,No,6539,480,854,5,2
micromax,4000,6,Yes,8,3,32,android,Yes,Yes,No,1,Yes,Yes,4960,1080,1920,13,5
vivo,3260,6,Yes,8,4,32,android,Yes,Yes,Yes,2,Yes,Yes,8990,1080,2280,16,16
gionee,4010,6,Yes,8,4,64,android,Yes,Yes,Yes,2,Yes,Yes,9999,1080,1920,13,16
lyf,2000,5,Yes,4,1,8,android,Yes,Yes,Yes,2,Yes,Yes,2545,480,854,8,5
asus,3000,6,Yes,8,4,64,android,Yes,Yes,Yes,2,Yes,Yes,25999,1080,1920,16,12
karbonn,2300,5,Yes,4,0,8,android,Yes,Yes,Yes,2,Yes,No,4690,480,854,3,1
nokia,3500,6,Yes,8,4,64,android,Yes,Yes,No,2,Yes,Yes,15377,1080,2340,48,20
honor,3340,6,Yes,8,4,64,android,Yes,Yes,Yes,2,Yes,Yes,8999,1080,2160,16,16
blackberry,3000,6,Yes,4,4,32,android,Yes,Yes,Yes,1,Yes,Yes,16999,1440,2560,21,8
xiaomi,4000,6,Yes,8,6,64,android,Yes,Yes,Yes,2,Yes,Yes,19282,1080,2340,48,20
motorola,2800,5,Yes,4,2,16,android,Yes,Yes,Yes,2,Yes,Yes,6990,720,1280,8,5
asus,3000,6,Yes,8,4,64,android,Yes,Yes,Yes,2,Yes,Yes,14999,1080,1920,16,8
ziox,2500,5,No,4,1,8,android,Yes,Yes,Yes,1,Yes,Yes,3499,480,854,5,5
gionee,3150,6,Yes,8,3,16,android,Yes,Yes,Yes,2,Yes,Yes,6490,720,1280,13,5
oppo,4230,6,Yes,8,2,32,android,Yes,Yes,Yes,2,Yes,Yes,7935,1520,720,13,8
celkon,2000,5,Yes,4,1,8,android,Yes,Yes,Yes,2,Yes,No,3999,480,854,5,3
vivo,3260,6,Yes,8,3,32,android,Yes,Yes,Yes,2,Yes,Yes,9790,720,1520,13,5
panasonic,2400,4,Yes,4,1,8,android,Yes,Yes,Yes,2,Yes,No,3590,480,800,5,2
micromax,2000,5,Yes,4,3,16,android,No,No,No,2,Yes,Yes,4595,720,1280,8,2
lg,3000,6,Yes,8,3,32,android,Yes,Yes,Yes,1,No,No,8875,1080,2160,13,8
motorola,2800,5,Yes,8,2,16,android,Yes,Yes,Yes,2,Yes,Yes,5450,1080,1920,13,5
coolpad,3000,6,Yes,8,3,16,android,Yes,Yes,Yes,2,Yes,Yes,6249,1080,1920,13,5
motorola,3000,5,Yes,8,3,32,android,Yes,Yes,Yes,2,Yes,Yes,12500,1080,1920,12,16
gionee,5000,5,Yes,4,2,16,android,Yes,Yes,Yes,2,Yes,Yes,4400,720,1280,8,5
samsung,3500,6,Yes,8,4,64,android,Yes,Yes,Yes,2,Yes,Yes,15499,720,1440,16,16
panasonic,4000,5,Yes,4,3,16,android,Yes,Yes,Yes,2,Yes,Yes,5430,720,1280,8,5
onida,2300,5,No,1,1,8,android,Yes,Yes,Yes,2,Yes,Yes,5385,720,1280,8,5
xiaomi,4000,6,Yes,8,3,32,android,Yes,Yes,Yes,2,Yes,Yes,8699,1080,2160,12,5
swipe,2500,4,Yes,4,0,4,android,Yes,No,Yes,2,Yes,Yes,2499,480,854,5,2
intex,2300,5,Yes,2,1,8,android,Yes,Yes,Yes,2,Yes,No,4690,480,854,2,0
xolo,2000,5,Yes,4,1,4,android,Yes,Yes,Yes,1,Yes,No,14153,720,1280,8,2
motorola,3000,6,Yes,8,3,32,android,Yes,Yes,Yes,2,Yes,Yes,8500,1080,1920,13,8
zopo,2500,5,Yes,4,2,16,android,Yes,Yes,Yes,2,Yes,Yes,12000,720,1280,13,5
panasonic,2400,4,Yes,4,0,8,android,Yes,Yes,No,2,Yes,No,2190,800,480,2,0
samsung,2600,5,Yes,4,1,8,android,Yes,Yes,Yes,2,Yes,Yes,15999,720,1280,8,1
tecno,3050,5,Yes,4,2,16,android,Yes,Yes,Yes,2,Yes,Yes,7142,720,1280,8,8
lenovo,3000,6,Yes,8,3,32,android,Yes,Yes,No,1,No,No,5899,720,1440,13,13
micromax,4000,5,Yes,4,2,16,android,Yes,Yes,No,2,No,Yes,5499,720,1280,8,5
infinix,4000,6,Yes,4,3,32,android,Yes,Yes,Yes,2,Yes,Yes,8999,720,1440,13,5
samsung,1860,5,Yes,8,2,32,android,Yes,Yes,Yes,1,Yes,Yes,9999,720,1280,12,2
nubia,3630,6,Yes,8,4,64,android,Yes,Yes,Yes,2,Yes,Yes,12990,1080,1920,13,16
nokia,4000,6,Yes,4,2,32,android,Yes,Yes,No,2,Yes,Yes,7149,720,1520,13,5
huawei,3000,6,Yes,8,4,64,android,Yes,Yes,Yes,2,Yes,Yes,12800,1080,2280,16,24
lava,2500,5,Yes,4,3,16,android,Yes,Yes,Yes,2,Yes,Yes,4725,720,1280,8,5
10.or,3200,5,Yes,4,2,16,android,Yes,Yes,Yes,2,Yes,Yes,4999,720,1440,13,5
karbonn,3300,6,Yes,4,2,16,android,Yes,Yes,Yes,2,Yes,Yes,5899,720,1280,8,5
lava,4000,5,Yes,4,2,8,android,Yes,Yes,Yes,2,Yes,No,8700,480,854,8,2
nuu mobile,2000,5,Yes,4,2,32,android,Yes,Yes,Yes,2,Yes,Yes,3999,720,1280,8,5
zte,2500,5,Yes,4,2,16,android,Yes,Yes,Yes,1,Yes,Yes,3840,720,1280,8,8
intex,2000,5,Yes,1,1,8,android,No,Yes,Yes,2,No,No,4532,480,854,5,2
vivo,2500,5,Yes,4,2,16,android,Yes,Yes,Yes,2,Yes,Yes,7706,540,960,8,5
m-tech,2400,5,Yes,4,1,8,android,Yes,Yes,Yes,2,Yes,Yes,3950,480,854,5,2
zen,2000,5,Yes,4,0,8,android,Yes,Yes,Yes,2,Yes,No,2799,480,854,5,1
micromax,1750,5,Yes,4,1,8,android,Yes,Yes,Yes,2,Yes,Yes,3799,480,854,8,2
lg,1540,3,Yes,1,0,4,android,Yes,Yes,Yes,2,Yes,No,1999,240,320,3,0
reach,2500,5,Yes,4,1,8,android,Yes,Yes,Yes,2,Yes,No,2690,720,1280,5,2
lava,2000,5,Yes,4,1,8,android,Yes,Yes,Yes,2,Yes,Yes,4540,480,854,5,5
micromax,3950,6,Yes,8,2,16,android,Yes,Yes,Yes,2,Yes,Yes,6694,720,1560,13,5
motorola,4000,6,Yes,4,2,16,android,Yes,Yes,No,2,Yes,Yes,7950,720,1440,13,5
huawei,4000,7,Yes,8,4,128,android,Yes,Yes,No,2,Yes,Yes,14450,1080,2340,16,16
htc,3930,6,Yes,8,4,64,android,Yes,Yes,Yes,2,Yes,Yes,19999,1080,2160,12,5
smartron,3000,6,Yes,8,4,32,android,Yes,Yes,Yes,2,Yes,Yes,5999,1080,1920,13,5
lava,2500,5,Yes,4,2,16,android,Yes,Yes,Yes,2,Yes,Yes,13300,720,1280,13,8
panasonic,3000,5,Yes,4,2,16,android,Yes,Yes,Yes,2,No,Yes,5699,720,1280,8,5
vivo,3260,6,Yes,8,4,32,android,Yes,Yes,Yes,2,Yes,Yes,10399,720,1520,13,8
lyf,2600,5,Yes,8,3,16,android,Yes,Yes,Yes,2,Yes,Yes,7900,720,1280,13,5
micromax,1300,4,Yes,4,0,4,android,Yes,Yes,Yes,2,No,Yes,2359,480,800,2,0
apple,1821,5,Yes,6,2,64,ios,Yes,Yes,Yes,1,Yes,Yes,36999,750,1334,12,7
huawei,4000,6,Yes,8,4,64,android,Yes,Yes,Yes,2,No,Yes,49990,1080,2240,40,24
vivo,5000,6,Yes,8,3,32,android,Yes,Yes,Yes,2,Yes,Yes,8990,720,1544,13,8
comio,3050,5,Yes,4,2,32,android,Yes,Yes,Yes,2,Yes,Yes,5399,720,1280,13,8
intex,2000,5,Yes,4,1,8,android,Yes,Yes,Yes,2,Yes,Yes,4777,480,854,5,2
google,3520,6,Yes,8,4,64,android,Yes,Yes,Yes,1,Yes,Yes,12994,1440,2880,12,8
gionee,3030,6,Yes,8,4,32,android,Yes,Yes,Yes,2,Yes,Yes,6319,720,1440,13,16
nubia,2800,5,Yes,8,3,64,android,Yes,Yes,Yes,2,Yes,Yes,9999,1080,1920,16,8
karbonn,2250,5,Yes,4,2,16,android,Yes,Yes,Yes,2,Yes,Yes,8649,720,1280,8,5
vivo,3000,6,Yes,8,3,32,android,Yes,Yes,Yes,2,Yes,Yes,10999,720,1280,13,16
lava,2000,5,Yes,4,1,8,android,Yes,Yes,No,2,Yes,No,3449,480,854,5,2
asus,3000,6,Yes,8,3,16,android,Yes,Yes,Yes,2,Yes,Yes,8999,1080,1920,13,5
google,3000,6,Yes,8,4,64,android,Yes,Yes,Yes,1,Yes,Yes,30999,1080,2220,12,8
nokia,3400,6,Yes,2,1,8,windows,Yes,Yes,Yes,1,Yes,Yes,9960,720,1280,5,0
apple,3110,6,Yes,6,4,64,ios,Yes,Yes,Yes,2,Yes,Yes,62900,828,1792,12,12
honor,3750,7,Yes,8,4,64,android,Yes,Yes,Yes,2,Yes,Yes,9999,1080,2340,20,16
iball,2150,5,Yes,4,1,8,android,Yes,Yes,Yes,2,Yes,No,3999,480,854,8,0
intex,3000,5,Yes,4,2,16,android,Yes,Yes,Yes,2,Yes,Yes,6849,720,1280,8,5
intex,4000,5,Yes,4,2,16,android,Yes,Yes,Yes,1,No,No,5440,720,1280,8,8
lyf,1750,4,Yes,4,1,8,android,Yes,Yes,Yes,2,Yes,Yes,2499,480,800,5,2
intex,2000,5,Yes,4,1,8,android,Yes,Yes,Yes,2,No,Yes,3690,480,854,5,2
intex,1500,4,Yes,4,0,4,android,Yes,Yes,Yes,2,Yes,Yes,4095,360,640,2,0
sony,2900,5,Yes,8,3,32,android,Yes,Yes,Yes,2,Yes,Yes,45999,1080,1920,23,5
xolo,2500,5,Yes,4,2,16,android,Yes,Yes,Yes,2,Yes,Yes,6888,720,1280,8,5
micromax,4000,6,Yes,8,3,32,android,Yes,Yes,Yes,2,Yes,Yes,6299,720,1500,13,16
samsung,1200,3,Yes,1,0,3,android,Yes,Yes,Yes,1,Yes,No,3190,240,320,2,0
honor,3340,6,Yes,8,4,32,android,Yes,Yes,Yes,2,Yes,Yes,12722,1080,2160,16,8
samsung,1350,3,Yes,1,0,0,android,Yes,Yes,Yes,2,Yes,No,5555,240,320,3,0
nokia,1650,4,Yes,2,1,8,windows,Yes,Yes,Yes,1,Yes,No,19660,480,800,8,0
lg,4100,5,Yes,4,2,16,android,Yes,Yes,Yes,2,Yes,Yes,6999,720,1280,13,5
lg,3000,6,Yes,8,3,32,android,Yes,Yes,Yes,2,Yes,Yes,8948,1080,2160,13,5
yu,4000,5,Yes,4,2,16,android,Yes,Yes,Yes,2,No,Yes,3999,720,1440,13,5
swipe,2500,5,Yes,4,3,32,android,Yes,Yes,Yes,2,Yes,Yes,4400,720,1280,13,8
oneplus,3800,7,Yes,8,8,128,android,Yes,Yes,No,2,Yes,Yes,34930,1080,2400,48,16
samsung,5000,6,Yes,8,3,32,android,Yes,Yes,Yes,2,Yes,Yes,9499,1080,2340,13,16
lg,3200,6,Yes,4,3,16,android,Yes,Yes,Yes,1,Yes,Yes,42021,1080,1920,13,2
intex,2400,5,Yes,4,1,8,android,Yes,Yes,Yes,1,Yes,Yes,3890,240,854,5,5
lyf,2850,6,Yes,4,2,16,android,Yes,Yes,Yes,2,Yes,Yes,4995,720,1280,8,2
samsung,2600,5,Yes,8,1,16,android,Yes,Yes,Yes,2,Yes,Yes,5290,540,960,5,5
yu,3000,5,Yes,4,3,16,android,Yes,Yes,Yes,2,Yes,Yes,7000,1080,1920,13,5
oppo,3400,6,Yes,8,6,128,android,Yes,Yes,Yes,2,Yes,Yes,14299,1080,2280,20,20
micromax,1750,5,Yes,4,1,8,android,Yes,Yes,Yes,2,Yes,Yes,4299,480,854,5,5
panasonic,4000,6,Yes,8,3,32,android,Yes,Yes,No,2,Yes,Yes,6990,720,1500,13,8
nokia,3400,6,Yes,4,2,32,windows,Yes,Yes,Yes,1,Yes,Yes,34990,1080,1920,20,1
intex,2000,5,Yes,4,1,8,android,Yes,Yes,Yes,2,Yes,No,5300,720,1280,5,0
motorola,2350,5,Yes,4,1,8,android,Yes,Yes,Yes,2,Yes,No,5499,480,854,5,2
intex,2300,5,Yes,4,1,8,android,Yes,Yes,Yes,2,Yes,Yes,3299,480,854,5,5
intex,3400,6,Yes,4,2,16,android,Yes,Yes,Yes,2,Yes,Yes,6999,720,1280,13,5
xiaomi,3100,6,Yes,8,2,8,android,Yes,Yes,Yes,2,Yes,No,7999,720,1280,13,5
yu,2500,5,Yes,4,2,16,android,Yes,Yes,Yes,2,Yes,Yes,4499,720,1280,13,5
htc,3000,5,Yes,8,3,32,android,Yes,Yes,Yes,1,Yes,Yes,9751,1440,2560,12,5
apple,1810,5,Yes,2,1,16,ios,Yes,Yes,Yes,1,Yes,Yes,15999,750,1334,8,1
micromax,3000,6,Yes,8,3,32,android,Yes,Yes,Yes,1,Yes,Yes,4499,1080,1920,13,5
ivoomi,3000,5,Yes,4,3,32,android,Yes,Yes,Yes,2,Yes,Yes,4999,640,1280,13,8
htc,2000,5,Yes,4,0,4,android,Yes,Yes,Yes,2,Yes,No,2699,480,854,5,0
lenovo,2300,5,Yes,4,1,8,android,Yes,Yes,Yes,1,Yes,Yes,4500,720,1280,5,2
lava,1850,5,Yes,4,1,8,android,Yes,Yes,Yes,2,No,No,5599,480,800,5,5
micromax,2100,5,Yes,8,3,16,android,Yes,Yes,Yes,2,Yes,Yes,4150,720,1280,13,5
itel,2000,5,Yes,4,1,8,android,Yes,Yes,Yes,2,Yes,Yes,3860,480,854,5,2
infocus,2300,5,Yes,4,1,8,android,Yes,Yes,Yes,2,Yes,Yes,4490,850,480,8,5
blackberry,2500,5,Yes,2,1,8,blackberry,Yes,Yes,Yes,1,Yes,No,19000,540,960,5,1
asus,3450,7,No,4,1,8,android,Yes,Yes,Yes,2,Yes,No,6199,1024,600,5,0
micromax,1850,5,Yes,4,1,8,android,Yes,Yes,Yes,2,Yes,Yes,3999,480,854,5,2
panasonic,2150,5,Yes,4,1,8,android,Yes,Yes,Yes,2,Yes,No,3899,720,1280,8,2
sony,2700,6,Yes,8,3,16,android,Yes,Yes,Yes,1,Yes,Yes,7999,1080,1920,21,16
asus,4000,5,Yes,8,3,32,android,Yes,Yes,No,2,Yes,Yes,5999,720,1440,13,8
huawei,4000,6,Yes,8,4,64,android,Yes,Yes,Yes,2,Yes,Yes,53983,1080,1920,20,8
xolo,4000,5,Yes,4,2,8,android,Yes,Yes,Yes,2,Yes,Yes,4999,720,1280,8,5
apple,3969,7,Yes,6,4,64,ios,Yes,Yes,Yes,2,Yes,Yes,106900,1242,2688,12,12
oneplus,4085,7,Yes,8,8,256,android,Yes,Yes,Yes,2,Yes,Yes,52990,1440,3120,48,16
vivo,3000,6,Yes,8,4,32,android,Yes,Yes,Yes,2,Yes,Yes,13990,720,1440,16,24
lg,2540,5,Yes,4,1,8,android,Yes,Yes,Yes,2,Yes,No,3299,540,960,8,0
karbonn,2300,5,Yes,4,1,8,android,Yes,Yes,Yes,2,Yes,Yes,2999,480,854,2,2
videocon,2000,5,Yes,4,1,8,android,Yes,Yes,Yes,2,Yes,No,2940,480,854,8,5
samsung,3220,6,Yes,4,3,32,android,Yes,Yes,Yes,1,Yes,Yes,27900,1440,2560,16,3
panasonic,2500,6,Yes,8,2,16,android,Yes,Yes,Yes,2,Yes,Yes,6990,720,1280,13,5
samsung,4000,6,Yes,8,6,128,android,Yes,Yes,Yes,2,Yes,Yes,56999,1440,2960,12,8
micromax,2000,5,Yes,1,1,8,android,Yes,Yes,Yes,1,No,No,4499,720,1280,5,2
lava,2500,5,Yes,4,2,16,android,Yes,Yes,Yes,1,Yes,Yes,6999,720,1280,13,8
nubia,3000,6,Yes,8,3,64,android,Yes,Yes,Yes,2,Yes,Yes,7160,720,1280,13,16
zte,3000,6,Yes,8,3,32,android,Yes,Yes,Yes,2,Yes,Yes,4500,1080,1920,16,8
lava,2000,5,Yes,4,1,8,android,Yes,Yes,Yes,2,Yes,No,2999,854,480,8,5
lenovo,3900,5,Yes,4,2,16,android,Yes,Yes,Yes,2,Yes,Yes,6999,720,1280,8,5
infinix,4000,6,Yes,8,3,32,android,Yes,Yes,Yes,2,No,No,7999,720,1520,13,32
google,2915,6,Yes,8,4,64,android,Yes,Yes,Yes,1,Yes,Yes,37999,1080,2160,12,8
samsung,3600,6,Yes,8,3,32,android,Yes,Yes,Yes,2,Yes,Yes,25900,1080,1920,16,16
lg,3300,6,Yes,1,3,32,android,Yes,Yes,Yes,1,Yes,Yes,23990,1440,2880,13,5
samsung,3300,6,Yes,8,4,64,android,Yes,Yes,Yes,2,No,Yes,16490,1080,2220,24,24
lenovo,2300,5,Yes,4,1,16,android,Yes,Yes,Yes,2,Yes,Yes,7450,720,1280,8,2
asus,3000,6,Yes,4,6,256,android,Yes,Yes,Yes,2,Yes,Yes,44999,1080,1920,23,8
homtom,3500,6,Yes,8,3,32,android,Yes,Yes,No,2,Yes,Yes,4900,720,1440,13,8
motorola,2070,5,Yes,4,1,16,android,Yes,Yes,Yes,2,Yes,No,13500,720,1280,8,2
oppo,3400,6,Yes,8,4,64,android,Yes,Yes,Yes,2,Yes,Yes,18990,1080,2280,16,25
samsung,3000,6,Yes,8,4,32,android,Yes,Yes,Yes,1,No,No,12999,720,1480,16,16
lenovo,4050,6,Yes,8,4,64,android,Yes,Yes,Yes,2,Yes,Yes,10999,720,1520,13,16
vivo,4500,6,Yes,8,8,128,android,Yes,Yes,Yes,2,Yes,Yes,21150,1080,2400,48,32
meizu,3000,5,Yes,4,2,16,android,Yes,Yes,Yes,2,Yes,Yes,3539,720,1440,13,8
samsung,4500,7,Yes,8,8,128,android,Yes,Yes,Yes,2,Yes,Yes,73999,1440,3200,12,10
samsung,3500,6,Yes,8,4,64,android,Yes,Yes,Yes,1,Yes,Yes,30000,1440,2960,12,8
lyf,2300,5,Yes,8,3,16,android,Yes,Yes,Yes,2,Yes,Yes,4060,720,1280,13,5
htc,2840,5,Yes,8,2,16,android,Yes,Yes,Yes,1,Yes,Yes,11000,1440,2560,20,4
vivo,2260,5,Yes,4,1,16,android,Yes,Yes,Yes,2,Yes,Yes,9001,720,1280,8,5
kult,4000,6,Yes,4,3,32,android,Yes,Yes,Yes,2,No,No,4378,720,1440,13,13
panasonic,3000,6,Yes,4,3,32,android,Yes,Yes,Yes,2,Yes,Yes,8999,720,1440,13,5
intex,4000,5,Yes,8,1,8,android,Yes,Yes,Yes,2,Yes,No,4500,480,854,8,2
panasonic,3250,6,Yes,4,3,16,android,Yes,Yes,No,2,Yes,Yes,5709,720,1440,13,8
vivo,3260,6,Yes,8,4,64,android,Yes,Yes,Yes,1,No,No,13950,720,1520,13,8
intex,2500,5,Yes,4,3,16,android,Yes,Yes,Yes,2,Yes,Yes,9300,720,1280,8,5
lephone,3000,6,Yes,4,2,16,android,Yes,Yes,Yes,1,No,No,7900,720,1440,13,5
huawei,3450,6,Yes,8,3,32,android,Yes,Yes,Yes,1,Yes,Yes,42998,1440,2560,12,8
motorola,3500,6,Yes,8,4,128,android,Yes,Yes,Yes,2,Yes,Yes,13690,1080,2520,48,25
ivoomi,3000,5,Yes,4,1,8,android,Yes,Yes,Yes,2,Yes,Yes,4999,720,1280,5,5
motorola,2470,5,Yes,4,1,8,android,Yes,Yes,Yes,2,Yes,Yes,10999,720,1280,13,5
realme,4230,6,Yes,8,3,32,android,Yes,Yes,Yes,2,Yes,Yes,8890,720,1520,13,8
infocus,2500,5,Yes,4,3,16,android,Yes,Yes,Yes,2,Yes,Yes,9990,720,1280,8,8
intex,1400,4,Yes,4,1,8,android,Yes,Yes,Yes,2,Yes,No,3500,480,800,8,2
itel,2700,5,Yes,4,1,8,android,Yes,Yes,Yes,2,Yes,Yes,4999,720,1440,5,5
lyf,2000,5,Yes,4,1,8,android,Yes,Yes,Yes,2,Yes,Yes,5499,480,854,5,5
oppo,2500,5,Yes,8,3,16,android,Yes,Yes,Yes,2,Yes,Yes,8999,720,1280,13,8
nokia,3060,6,Yes,8,3,32,android,Yes,Yes,Yes,2,Yes,Yes,6999,720,1520,13,8
karbonn,2000,5,No,4,1,8,android,Yes,Yes,No,2,Yes,No,3279,1280,720,8,3
micromax,5000,5,Yes,4,2,16,android,Yes,Yes,Yes,1,No,No,4470,720,1280,8,5
honor,3600,6,Yes,8,3,32,android,Yes,Yes,Yes,2,Yes,Yes,26499,1080,1920,8,8
meizu,3010,6,Yes,8,6,64,android,Yes,Yes,Yes,2,Yes,Yes,19490,1080,2160,12,20
apple,1960,5,Yes,4,2,32,ios,Yes,Yes,Yes,1,Yes,Yes,27999,750,1334,12,7
xolo,1800,5,Yes,4,1,8,windows,Yes,Yes,Yes,2,Yes,No,4495,720,1280,8,2
lenovo,4000,5,Yes,8,3,32,android,Yes,Yes,Yes,2,Yes,Yes,7040,720,1280,13,8
alcatel,3000,6,Yes,4,3,32,android,Yes,Yes,Yes,2,Yes,Yes,9999,720,1440,13,5
mobiistar,3000,5,Yes,4,2,16,android,Yes,Yes,No,2,Yes,Yes,4294,720,1280,8,13
samsung,3700,7,Yes,8,8,128,android,Yes,Yes,Yes,2,Yes,Yes,35990,1080,2400,48,0
samsung,2900,5,Yes,8,2,16,android,Yes,Yes,Yes,2,Yes,Yes,19990,1080,1920,13,5
google,2700,5,Yes,8,4,64,android,Yes,Yes,Yes,1,Yes,Yes,9994,1080,1920,12,8
lg,2500,5,Yes,4,2,16,android,Yes,Yes,Yes,2,Yes,Yes,4321,480,854,8,5
oppo,4000,7,Yes,8,8,256,android,Yes,Yes,No,1,No,No,23100,1080,2340,48,16
lava,1750,5,Yes,4,0,4,android,Yes,Yes,No,2,Yes,No,4199,480,800,5,0
panasonic,2000,5,Yes,4,1,8,android,Yes,Yes,Yes,2,No,Yes,6990,720,1280,8,2
lg,3000,6,Yes,4,1,8,android,Yes,Yes,Yes,2,Yes,No,10490,540,960,13,1
oppo,4000,7,Yes,8,8,128,android,Yes,Yes,No,1,No,No,20900,1080,2340,48,16
karbonn,2900,6,Yes,4,2,16,android,Yes,Yes,Yes,2,Yes,Yes,6200,720,1280,13,5
sony,2900,5,Yes,4,3,64,android,Yes,Yes,Yes,2,Yes,Yes,11999,1080,1920,23,13
xiaomi,5000,6,Yes,8,4,64,android,Yes,Yes,Yes,2,Yes,Yes,7999,720,1520,12,8
10.or,3500,5,Yes,4,2,16,android,Yes,Yes,Yes,2,Yes,Yes,4999,720,1280,13,5
meizu,3400,6,Yes,8,4,64,android,Yes,Yes,Yes,2,No,Yes,27600,1440,2560,12,5
huawei,4500,7,Yes,8,8,128,android,Yes,Yes,Yes,2,Yes,Yes,77299,1176,2400,40,32
vivo,3055,6,Yes,8,4,64,android,Yes,Yes,Yes,2,Yes,Yes,12500,1080,1920,16,20
vivo,3700,6,Yes,8,6,128,android,Yes,Yes,Yes,2,Yes,Yes,17973,1080,2340,48,32
panasonic,4000,6,Yes,8,4,64,android,Yes,Yes,No,2,Yes,Yes,6488,1080,1920,13,8
zen,2300,5,Yes,4,1,8,android,Yes,Yes,Yes,2,Yes,Yes,3999,480,854,5,2
realme,3500,6,Yes,8,3,32,android,Yes,Yes,Yes,2,Yes,Yes,8999,1080,2340,13,25
swipe,3000,6,Yes,8,4,32,android,Yes,Yes,Yes,2,Yes,Yes,12999,1080,1920,13,8
micromax,3000,6,Yes,4,1,8,android,Yes,Yes,Yes,2,Yes,Yes,7530,540,960,8,5
intex,2000,5,Yes,4,1,8,android,Yes,Yes,Yes,2,Yes,No,4290,480,854,2,0
samsung,3000,6,Yes,8,4,32,android,Yes,Yes,Yes,2,No,No,10640,720,1280,13,8
samsung,3300,6,Yes,8,3,16,android,Yes,Yes,Yes,1,Yes,Yes,9999,1080,1920,13,5
honor,3000,6,Yes,8,3,32,android,Yes,Yes,Yes,2,Yes,Yes,7799,720,1440,13,8
reach,2000,4,Yes,4,1,8,android,Yes,Yes,No,2,Yes,No,2200,480,800,3,1
htc,2200,5,Yes,8,3,32,android,Yes,Yes,Yes,2,Yes,Yes,6498,720,1280,13,5
yu,2230,5,Yes,4,2,16,cyanogen,Yes,Yes,Yes,2,Yes,Yes,8999,720,1280,8,5
samsung,2100,5,Yes,4,1,16,android,Yes,Yes,Yes,1,Yes,Yes,5999,720,1280,8,1
leeco,3000,6,Yes,10,4,32,android,Yes,Yes,Yes,1,Yes,Yes,5890,1080,1920,21,8
honor,2100,5,Yes,4,1,8,android,Yes,Yes,Yes,2,Yes,Yes,5499,480,854,5,2
oppo,3180,6,Yes,8,2,16,android,Yes,Yes,Yes,2,Yes,Yes,6799,720,1440,13,8
zen,2900,6,Yes,4,1,8,android,Yes,Yes,Yes,2,Yes,No,3739,480,854,5,3
micromax,3000,5,Yes,4,1,8,android,Yes,Yes,Yes,2,Yes,No,3995,480,854,5,2
realme,4230,6,Yes,8,3,32,android,Yes,Yes,Yes,2,Yes,Yes,6999,720,1520,13,13
swipe,2000,4,Yes,4,1,8,android,Yes,Yes,Yes,2,Yes,Yes,3999,480,800,5,1
vivo,2730,5,Yes,8,2,16,android,Yes,Yes,Yes,1,No,No,10450,1280,720,8,5
samsung,4500,7,Yes,8,6,128,android,Yes,Yes,Yes,1,No,No,38999,1080,2400,12,32
oppo,4020,7,Yes,8,4,128,android,Yes,Yes,No,2,Yes,Yes,11990,1080,2340,16,16
lg,3300,6,Yes,8,4,64,android,Yes,Yes,Yes,1,No,No,16999,1080,2160,16,5
xiaomi,4000,6,Yes,8,4,64,android,Yes,Yes,Yes,2,Yes,Yes,9349,1080,2160,12,20
lyf,2000,5,Yes,4,1,8,android,Yes,Yes,Yes,2,Yes,Yes,3499,480,854,8,5
motorola,3000,6,Yes,8,4,64,android,Yes,Yes,Yes,2,Yes,Yes,6999,720,1560,13,8
blackberry,1800,4,Yes,2,2,16,blackberry,Yes,Yes,Yes,1,Yes,Yes,5500,768,1280,8,2
asus,2070,5,Yes,4,1,8,android,Yes,Yes,Yes,2,Yes,Yes,4499,480,854,8,2
samsung,4500,7,Yes,8,6,128,android,Yes,Yes,Yes,2,Yes,Yes,22299,1080,2400,32,32
micromax,3000,5,Yes,4,3,32,android,Yes,Yes,No,2,No,Yes,4895,720,1280,13,8
nubia,5000,7,Yes,8,8,128,android,Yes,Yes,No,2,Yes,Yes,47999,1080,2340,48,16
samsung,4000,6,Yes,8,4,128,android,Yes,Yes,Yes,2,Yes,Yes,16650,1080,2340,48,32
oppo,4230,6,Yes,8,4,32,android,Yes,Yes,Yes,2,Yes,Yes,8990,720,1520,13,8
xiaomi,4500,7,Yes,8,6,64,android,Yes,Yes,Yes,2,Yes,Yes,13999,1080,2340,64,20
samsung,2600,5,Yes,4,1,8,android,Yes,Yes,Yes,2,Yes,Yes,6190,540,960,8,5
panasonic,5000,6,Yes,8,3,32,android,Yes,Yes,Yes,2,Yes,Yes,6999,1080,1920,13,13
nokia,3000,5,Yes,8,2,16,android,Yes,Yes,Yes,2,Yes,Yes,8999,720,1280,13,8
lenovo,4000,5,Yes,4,1,4,android,Yes,Yes,Yes,2,Yes,No,15410,720,1280,8,0
10.or,5000,6,Yes,8,4,64,android,Yes,Yes,Yes,2,Yes,Yes,7999,1080,2246,16,12
lava,2000,5,Yes,4,0,4,android,Yes,Yes,Yes,2,Yes,No,3399,480,800,5,2
lyf,2300,5,Yes,4,1,8,android,Yes,Yes,Yes,2,Yes,Yes,7000,720,1280,8,5
karbonn,1700,5,No,4,1,4,android,Yes,Yes,Yes,2,Yes,No,2899,480,854,5,2
intex,1500,4,Yes,1,1,8,android,Yes,Yes,Yes,2,Yes,Yes,2990,480,800,5,0
panasonic,2500,5,Yes,4,1,16,android,Yes,No,Yes,2,Yes,Yes,7990,720,1280,8,5
10.or,4000,6,Yes,8,2,16,android,Yes,Yes,Yes,2,Yes,Yes,4999,1080,1920,13,5
nokia,3500,6,Yes,8,4,64,android,Yes,Yes,Yes,2,Yes,Yes,18000,1080,2244,12,20
tecno,4000,7,Yes,8,4,64,android,Yes,Yes,Yes,2,Yes,Yes,9960,720,1600,16,8
motorola,2800,5,Yes,4,2,16,android,Yes,Yes,Yes,2,Yes,Yes,8499,720,1280,8,5
intex,2400,5,Yes,4,2,16,android,Yes,Yes,Yes,2,Yes,Yes,5295,720,1280,8,8
yu,2500,6,Yes,8,2,16,cyanogen,Yes,Yes,Yes,2,Yes,Yes,5995,1080,1920,13,5
infinix,4500,6,Yes,8,3,32,android,Yes,Yes,Yes,2,Yes,Yes,5850,1080,2160,12,16
intex,1600,5,Yes,4,0,8,android,Yes,Yes,Yes,2,Yes,No,4449,480,854,5,1
oppo,4000,6,Yes,8,8,128,android,Yes,Yes,Yes,2,Yes,Yes,18690,1080,2400,48,16
gionee,2500,6,Yes,4,2,16,android,Yes,Yes,Yes,1,Yes,Yes,3699,1080,1920,16,8
yu,3000,5,Yes,8,4,32,android,Yes,Yes,Yes,2,Yes,Yes,5990,1080,1920,13,8
panasonic,2910,6,Yes,4,1,8,android,Yes,Yes,Yes,2,Yes,No,8499,720,1280,8,2
coolpad,3000,6,Yes,8,3,16,android,Yes,Yes,Yes,2,Yes,Yes,9499,720,1280,13,5
xiaomi,3000,6,Yes,8,4,64,android,Yes,Yes,Yes,2,Yes,Yes,8990,1080,2160,12,20
oppo,3600,6,Yes,8,4,64,android,Yes,Yes,Yes,1,No,No,9990,1080,2340,16,25
infinix,4000,6,Yes,8,4,64,android,Yes,Yes,Yes,2,Yes,Yes,9990,720,1500,13,13
panasonic,2500,6,Yes,4,1,8,android,Yes,Yes,Yes,2,Yes,Yes,3990,540,960,8,2
xiaomi,4000,6,Yes,8,6,128,android,Yes,Yes,Yes,2,No,No,23190,1080,2340,48,20
tecno,3500,6,Yes,4,2,32,android,Yes,Yes,Yes,2,Yes,Yes,6933,720,1520,13,16
xiaomi,4000,5,Yes,8,2,16,android,Yes,Yes,Yes,2,Yes,Yes,5499,720,1440,12,5
intex,3000,5,Yes,4,2,16,android,Yes,Yes,Yes,2,Yes,Yes,4444,720,1280,13,5
honor,2550,5,Yes,8,2,8,android,Yes,Yes,Yes,2,Yes,No,8999,720,1280,13,5
sony,3430,6,Yes,8,3,32,android,Yes,Yes,Yes,2,Yes,Yes,15990,1080,1920,23,8
lyf,2000,5,Yes,4,1,8,android,Yes,Yes,Yes,2,Yes,Yes,8399,720,1280,8,5
gionee,1700,4,Yes,4,0,4,android,Yes,Yes,Yes,2,Yes,No,7494,480,800,5,0
infinix,3050,5,Yes,4,2,16,android,Yes,Yes,Yes,2,Yes,Yes,3999,720,1440,13,8
xolo,2400,5,Yes,8,3,32,android,Yes,Yes,Yes,2,Yes,Yes,9999,1080,1920,13,5
motorola,3000,6,Yes,8,4,64,android,Yes,Yes,Yes,2,Yes,Yes,10499,1080,1920,12,5
karbonn,2600,5,Yes,8,2,16,android,Yes,Yes,Yes,2,Yes,Yes,3999,720,1280,13,5
oppo,2420,5,Yes,4,1,16,android,Yes,Yes,Yes,2,Yes,Yes,8200,540,960,8,5
zte,2400,5,Yes,4,1,4,android,Yes,Yes,Yes,2,Yes,No,3399,720,1280,13,5
leeco,3000,6,Yes,8,3,32,android,Yes,Yes,Yes,2,Yes,Yes,6999,1080,1920,16,8
iball,2000,5,Yes,4,0,8,android,Yes,Yes,Yes,2,Yes,No,3499,540,960,8,0
karbonn,1500,4,Yes,4,1,8,android,Yes,Yes,Yes,2,Yes,Yes,2450,480,800,3,2
karbonn,4000,5,Yes,4,1,8,android,Yes,Yes,Yes,2,Yes,Yes,3399,720,1280,5,5
zte,2800,5,Yes,8,2,16,android,Yes,Yes,No,2,Yes,No,2900,720,1280,13,8
comio,3900,5,Yes,4,1,16,android,Yes,Yes,Yes,2,Yes,Yes,5999,720,1280,8,5
realme,3500,6,Yes,8,4,64,android,Yes,Yes,Yes,2,Yes,Yes,11770,1080,2340,16,16
samsung,4300,7,Yes,8,12,256,android,Yes,Yes,Yes,2,Yes,Yes,79699,1440,3040,12,10
celkon,1800,4,Yes,4,0,4,android,Yes,Yes,Yes,2,Yes,Yes,2999,480,800,3,2
vivo,3315,6,Yes,8,6,64,android,Yes,Yes,Yes,2,Yes,Yes,14229,1080,2340,16,25
intex,2450,5,Yes,4,1,8,android,Yes,Yes,Yes,2,Yes,No,4997,720,1280,5,5
vivo,3000,6,Yes,8,4,32,android,Yes,Yes,Yes,2,Yes,Yes,17979,1080,1920,13,8
sony,2700,6,Yes,8,4,64,android,Yes,Yes,Yes,2,No,Yes,5994,1080,1920,23,16
asus,3000,6,Yes,4,2,16,android,Yes,Yes,Yes,2,Yes,Yes,6110,720,1280,13,5
swipe,3000,5,Yes,4,2,16,android,Yes,Yes,Yes,2,Yes,No,2990,720,1280,13,5
panasonic,2600,5,Yes,4,2,16,android,Yes,No,Yes,2,Yes,Yes,8000,720,1280,13,5
infinix,3500,6,Yes,4,2,32,android,Yes,Yes,No,2,No,No,6999,720,1520,13,8
htc,2800,6,Yes,8,2,16,android,Yes,Yes,Yes,2,Yes,Yes,7999,1080,1920,13,4
honor,3000,6,Yes,8,2,16,android,Yes,Yes,Yes,2,Yes,Yes,7400,1080,1920,13,5
intex,1700,5,Yes,4,2,16,android,Yes,Yes,Yes,2,Yes,No,4499,540,960,8,5
intex,4000,5,Yes,4,3,32,android,Yes,Yes,Yes,2,Yes,Yes,6729,720,1280,13,8
jio,2000,2,No,2,0,4,cyanogen,Yes,Yes,Yes,1,No,Yes,1249,240,320,2,0
karbonn,1900,5,Yes,8,1,8,android,Yes,Yes,Yes,2,Yes,No,7800,720,1280,8,8
intex,1400,4,No,4,0,4,android,Yes,Yes,Yes,1,Yes,Yes,3990,480,800,2,0
zte,2800,5,Yes,8,2,16,android,Yes,Yes,Yes,2,No,No,5200,720,1280,13,5
karbonn,4000,5,Yes,1,1,8,android,Yes,Yes,Yes,2,Yes,Yes,3299,480,854,8,5
htc,2800,6,Yes,8,2,16,android,Yes,Yes,Yes,2,No,Yes,5999,720,1280,13,5
samsung,2600,6,Yes,2,1,8,android,Yes,Yes,Yes,2,Yes,No,6999,540,960,8,1
micromax,3000,5,Yes,4,1,8,android,Yes,Yes,Yes,2,Yes,No,5599,720,1280,8,2
intex,2600,5,Yes,4,1,8,android,Yes,Yes,Yes,2,Yes,Yes,3999,480,854,5,2
lg,2300,5,Yes,4,2,16,android,Yes,Yes,Yes,1,Yes,Yes,12000,1080,1920,8,1
micromax,2500,5,Yes,4,1,8,android,Yes,Yes,Yes,2,Yes,Yes,7499,854,480,5,2
apple,1507,4,Yes,2,1,8,ios,Yes,Yes,Yes,1,Yes,Yes,8499,640,1136,8,1
zte,2800,5,Yes,8,3,32,android,Yes,Yes,Yes,1,Yes,Yes,5900,1080,1920,13,8
motorola,2300,5,Yes,4,2,16,android,Yes,Yes,Yes,1,Yes,Yes,23999,1080,1920,13,2
vivo,4500,6,Yes,8,4,128,android,Yes,Yes,Yes,2,Yes,Yes,15990,1080,2340,48,32
oneplus,3300,6,Yes,8,6,64,android,Yes,Yes,Yes,2,Yes,Yes,17499,1080,1920,16,16
alcatel,2800,5,Yes,8,3,16,android,Yes,Yes,Yes,2,Yes,Yes,15026,720,1280,13,5
homtom,3300,6,Yes,8,3,32,android,Yes,Yes,No,2,Yes,Yes,4840,720,1440,16,8
intex,2200,5,Yes,4,2,16,android,Yes,Yes,Yes,1,Yes,No,6499,1280,720,8,5
intex,1750,4,Yes,4,1,8,android,Yes,Yes,Yes,2,No,Yes,4625,480,800,5,2
vivo,2500,5,Yes,4,2,16,android,Yes,Yes,Yes,2,Yes,Yes,8490,540,960,8,5
lg,3300,6,Yes,8,4,128,android,Yes,Yes,Yes,2,Yes,Yes,27999,1440,2880,16,5
lyf,4000,5,Yes,4,2,16,android,Yes,Yes,Yes,2,Yes,Yes,6498,720,1820,8,2
htc,2600,6,Yes,8,2,16,android,Yes,Yes,Yes,2,Yes,Yes,25999,720,1280,13,8
intex,1800,5,Yes,1,1,8,android,Yes,Yes,Yes,2,Yes,Yes,4999,480,854,5,2
gionee,2400,5,Yes,4,2,16,android,Yes,Yes,Yes,2,Yes,Yes,10200,720,1280,8,5
nubia,3000,6,Yes,4,6,64,android,Yes,Yes,Yes,2,Yes,Yes,20999,1080,1920,16,8
htc,3000,6,Yes,8,3,32,android,Yes,Yes,Yes,2,Yes,Yes,14770,1080,1920,13,5
panasonic,4000,5,Yes,8,3,16,android,Yes,Yes,Yes,2,No,Yes,5935,720,1280,13,8
lenovo,4000,6,Yes,8,3,32,android,Yes,Yes,Yes,2,Yes,Yes,8890,1080,1920,16,8
phicomm,2300,5,Yes,8,2,16,android,Yes,Yes,Yes,2,Yes,Yes,3238,1080,1920,13,5
oneplus,4085,7,Yes,8,12,256,android,Yes,Yes,Yes,2,Yes,Yes,58998,1440,3120,48,16
lenovo,2750,5,Yes,8,2,16,android,Yes,Yes,Yes,2,Yes,Yes,5999,720,1280,13,5
gionee,2000,5,Yes,4,1,16,android,Yes,Yes,Yes,2,Yes,No,3299,480,485,5,0
lyf,2800,5,Yes,4,1,8,android,Yes,Yes,Yes,2,Yes,Yes,3499,480,854,5,2
intex,2500,5,Yes,4,2,16,sailfish,Yes,Yes,Yes,2,Yes,Yes,4799,720,1280,8,2
intex,2500,5,Yes,4,1,8,android,Yes,Yes,Yes,2,Yes,Yes,5429,720,1280,5,5
swipe,2500,5,Yes,4,1,8,android,Yes,Yes,Yes,2,Yes,Yes,4999,480,854,5,2
lg,2500,5,Yes,4,2,16,android,Yes,Yes,Yes,2,Yes,Yes,7450,720,1280,13,5
samsung,1050,5,Yes,4,1,8,tizen,Yes,Yes,Yes,2,Yes,Yes,4790,480,800,5,5
panasonic,3000,5,Yes,8,4,32,android,Yes,Yes,Yes,2,Yes,Yes,11499,1080,1920,16,8
smartron,3000,6,Yes,8,4,32,android,Yes,Yes,Yes,2,Yes,Yes,5490,1080,1920,13,4
nokia,3000,6,Yes,8,3,32,android,Yes,Yes,Yes,1,No,No,7999,720,1520,13,8
honor,3750,6,Yes,8,6,128,android,Yes,Yes,Yes,2,Yes,Yes,15899,1080,2160,16,13
intex,1750,4,Yes,4,1,8,android,Yes,Yes,Yes,2,Yes,Yes,2950,480,800,5,2
karbonn,1800,5,Yes,4,1,8,android,Yes,Yes,Yes,2,Yes,No,7000,720,1280,8,5
nokia,3060,6,Yes,8,4,32,android,Yes,Yes,Yes,2,Yes,Yes,6999,1080,2280,16,16
samsung,3500,6,Yes,8,6,128,android,Yes,Yes,Yes,2,Yes,Yes,16879,1080,2340,32,16
blu,2500,5,Yes,4,1,8,windows,Yes,Yes,No,2,Yes,Yes,4500,720,1280,8,2
lg,2800,5,Yes,4,4,32,android,Yes,Yes,Yes,2,Yes,Yes,10999,1440,2560,16,8
yu,2000,5,Yes,4,2,8,android,Yes,No,Yes,2,Yes,Yes,6199,720,1280,8,2
oppo,2140,5,Yes,4,2,16,android,Yes,Yes,Yes,1,Yes,Yes,9990,720,1280,13,0
honor,4000,7,Yes,8,4,128,android,Yes,Yes,Yes,2,Yes,Yes,13999,1080,2340,48,16
samsung,4500,7,Yes,8,8,128,android,Yes,Yes,Yes,1,No,No,39999,1080,2400,48,32
lenovo,4000,5,Yes,8,3,32,android,Yes,Yes,Yes,2,Yes,Yes,6990,1080,1920,13,8
vivo,3260,6,Yes,8,4,64,android,Yes,Yes,Yes,2,Yes,Yes,13740,1080,2280,16,24
comio,2700,5,Yes,4,2,32,android,Yes,Yes,Yes,2,No,Yes,5499,720,1280,13,8
cat,3800,5,Yes,8,2,16,android,Yes,Yes,Yes,2,Yes,Yes,39999,720,1280,13,5
intex,2900,4,Yes,4,0,4,android,Yes,Yes,Yes,2,Yes,No,4050,480,800,5,2
lava,2350,5,Yes,4,1,8,android,Yes,Yes,Yes,2,Yes,Yes,5500,480,854,5,5
infocus,2300,5,Yes,4,2,8,android,Yes,Yes,Yes,2,Yes,Yes,3740,850,480,8,5
nuu mobile,2000,5,Yes,4,2,16,android,Yes,Yes,Yes,2,Yes,Yes,7499,720,1280,8,5
coolpad,2500,5,Yes,4,3,16,android,Yes,Yes,Yes,2,Yes,Yes,4999,720,1280,13,5
gionee,3130,6,Yes,8,4,32,android,Yes,Yes,Yes,2,Yes,Yes,7999,1080,1920,13,8
micromax,1450,4,Yes,4,0,4,android,Yes,Yes,Yes,2,Yes,No,2240,480,800,2,1
coolpad,2500,6,Yes,8,3,32,android,Yes,Yes,No,2,Yes,Yes,8990,720,1080,13,5
nokia,1500,4,Yes,2,0,4,cyanogen,Yes,Yes,Yes,2,Yes,No,7999,480,800,3,0
lenovo,4000,5,Yes,8,3,32,android,Yes,Yes,Yes,2,Yes,Yes,8500,1080,1920,13,8
lg,3000,6,Yes,8,6,128,android,Yes,Yes,Yes,2,Yes,Yes,37999,1440,3120,16,8
micromax,3000,6,Yes,4,1,8,android,Yes,Yes,Yes,2,Yes,No,9500,540,960,8,2
motorola,3630,6,Yes,8,2,16,android,Yes,Yes,Yes,2,Yes,Yes,7990,1080,1920,21,5
ziox,2200,5,Yes,4,2,16,android,Yes,Yes,Yes,2,Yes,Yes,3799,480,854,5,2
honor,3000,5,Yes,8,2,16,android,Yes,Yes,Yes,1,No,Yes,16699,1080,1920,13,8
xiaomi,4100,5,Yes,8,3,32,android,Yes,Yes,Yes,2,Yes,Yes,8000,720,1280,13,5
zen,2500,5,Yes,4,1,16,android,Yes,Yes,Yes,2,Yes,Yes,5599,720,1280,5,5
motorola,3000,6,Yes,8,4,64,android,Yes,Yes,Yes,2,Yes,Yes,8961,1080,2270,12,8
motorola,3000,6,Yes,8,2,16,android,Yes,Yes,Yes,2,Yes,Yes,5999,1080,1920,16,5
lg,3000,6,Yes,4,1,16,android,Yes,Yes,Yes,2,Yes,Yes,5999,720,1280,13,5
lava,1300,4,Yes,4,0,4,android,Yes,Yes,No,2,Yes,No,2399,480,800,2,0
sansui,2000,5,Yes,4,1,8,android,Yes,Yes,Yes,2,Yes,Yes,3900,480,854,5,3
zte,5000,6,Yes,8,4,32,android,Yes,Yes,Yes,2,Yes,Yes,12499,1080,1920,13,8
vivo,5000,7,Yes,8,4,64,android,Yes,Yes,Yes,2,Yes,Yes,10990,1080,2340,16,16
meizu,4100,6,Yes,8,2,16,android,Yes,Yes,No,2,Yes,Yes,5290,1080,1920,13,5
intex,2100,5,Yes,4,1,8,android,Yes,Yes,Yes,2,Yes,Yes,6000,720,1280,8,5
zopo,2100,5,Yes,4,2,16,android,Yes,Yes,Yes,2,Yes,Yes,4289,720,1280,8,5
micromax,5000,5,Yes,4,1,16,android,Yes,Yes,Yes,2,Yes,Yes,4699,720,1440,5,5
sony,2330,5,Yes,4,2,16,android,Yes,Yes,Yes,1,Yes,Yes,32490,1080,1920,13,2
samsung,3300,6,Yes,8,3,32,android,Yes,Yes,Yes,2,Yes,Yes,10500,1080,1920,13,13
sony,2600,5,Yes,4,2,16,android,Yes,Yes,Yes,1,Yes,Yes,38990,720,1280,20,2
lenovo,3500,5,Yes,4,3,32,android,Yes,Yes,Yes,2,Yes,Yes,11499,1080,1920,13,8
xiaomi,3080,6,Yes,8,4,32,android,Yes,Yes,Yes,2,Yes,Yes,9999,1080,1920,12,5
intex,2200,5,Yes,6,2,16,android,Yes,Yes,Yes,2,Yes,No,4299,720,1280,5,5
ivoomi,3000,5,Yes,4,1,8,android,Yes,Yes,Yes,2,Yes,Yes,3900,1440,2560,5,5
lyf,1500,4,Yes,4,1,8,android,Yes,Yes,Yes,2,Yes,Yes,3599,480,800,5,2
htc,2150,5,Yes,8,3,32,android,Yes,Yes,Yes,1,Yes,Yes,30149,1080,1920,13,4
apple,2716,6,Yes,6,3,64,ios,Yes,Yes,Yes,1,Yes,Yes,69999,1125,2436,12,7
vivo,3225,6,Yes,8,4,32,android,Yes,Yes,Yes,1,No,No,7994,720,1440,16,24
vivo,3400,6,Yes,8,6,64,android,Yes,Yes,Yes,2,Yes,Yes,14990,1080,2340,12,25
samsung,3300,6,Yes,8,6,64,android,Yes,Yes,Yes,2,Yes,Yes,49999,1440,2960,12,8
samsung,2330,4,Yes,2,1,8,android,Yes,Yes,Yes,1,Yes,Yes,15990,560,960,16,1
intex,2450,5,Yes,4,2,16,android,Yes,Yes,Yes,2,Yes,Yes,3980,720,1280,8,5
micromax,2000,5,Yes,4,0,4,android,Yes,Yes,Yes,2,Yes,No,2999,480,854,5,2
panasonic,1800,5,Yes,4,1,8,android,Yes,Yes,Yes,2,Yes,Yes,4650,480,854,5,0
micromax,3050,5,Yes,4,3,16,android,Yes,Yes,Yes,2,Yes,Yes,4399,720,1280,13,5
ivoomi,3000,5,Yes,4,2,16,android,Yes,Yes,Yes,2,Yes,Yes,4240,640,1280,13,8
google,3430,6,Yes,8,4,64,android,Yes,Yes,Yes,1,Yes,Yes,47990,1440,2960,12,8
jivi,1800,4,Yes,4,0,4,android,Yes,Yes,No,1,Yes,Yes,2599,480,800,5,2
intex,2300,5,Yes,2,1,8,android,Yes,Yes,Yes,2,Yes,No,2999,480,854,5,2
lava,4000,5,Yes,4,1,8,android,Yes,Yes,Yes,2,Yes,Yes,6199,720,1280,8,2
videocon,2200,5,Yes,4,2,16,android,Yes,Yes,Yes,2,Yes,Yes,6600,720,1280,13,5
gionee,5020,6,Yes,8,3,64,android,Yes,Yes,Yes,2,Yes,Yes,23900,1080,1920,13,5
intex,2300,5,Yes,4,3,16,android,Yes,Yes,Yes,2,Yes,Yes,6999,720,1280,13,5
lyf,2400,5,Yes,8,2,16,android,Yes,Yes,Yes,2,Yes,Yes,7750,720,1280,13,5
motorola,3000,6,Yes,6,3,16,android,Yes,Yes,Yes,2,Yes,Yes,20999,1440,2560,21,5
itel,2400,5,Yes,4,2,16,android,Yes,Yes,Yes,2,Yes,Yes,3890,720,1440,8,8
intex,2800,5,Yes,4,3,32,android,Yes,Yes,Yes,2,Yes,Yes,4999,720,1280,13,5
alcatel,2580,6,Yes,4,1,16,android,Yes,Yes,Yes,2,Yes,Yes,3998,720,1280,8,5
coolpad,4000,6,Yes,8,4,64,android,Yes,Yes,No,1,No,No,7433,1080,2160,16,8
vivo,4500,6,Yes,8,4,128,android,Yes,Yes,Yes,2,No,No,14979,1080,2340,16,32
gionee,2300,5,Yes,4,2,16,android,Yes,No,Yes,2,No,No,7499,720,1280,8,5
lg,3000,5,Yes,4,2,16,android,Yes,Yes,Yes,1,Yes,Yes,22499,1080,1920,13,2
htc,1650,4,Yes,2,1,16,android,Yes,Yes,Yes,1,Yes,No,17172,540,960,8,0
asus,3000,6,Yes,4,4,64,android,Yes,Yes,Yes,1,Yes,Yes,15999,1080,1920,13,5
intex,2000,5,Yes,4,1,8,android,Yes,Yes,Yes,2,Yes,Yes,4050,720,1280,5,5
lenovo,4100,6,Yes,4,3,64,android,Yes,Yes,Yes,2,Yes,Yes,7499,1080,1920,13,8
huawei,4200,6,Yes,8,6,128,android,Yes,Yes,Yes,2,Yes,Yes,63990,1440,3120,40,24
iball,2600,6,Yes,4,2,16,android,Yes,Yes,Yes,2,Yes,Yes,7599,720,1280,13,8
ziox,4000,5,Yes,4,1,8,android,Yes,Yes,No,2,Yes,Yes,4399,720,1280,5,5
asus,4100,6,Yes,8,2,32,android,Yes,Yes,Yes,2,Yes,Yes,8599,1080,1920,16,8
ivoomi,3000,5,Yes,4,2,16,android,Yes,Yes,Yes,2,Yes,Yes,3290,720,1280,8,5
xolo,2000,5,Yes,4,1,4,android,Yes,Yes,Yes,2,Yes,No,9499,480,854,5,0
apple,2750,6,Yes,1,2,16,ios,Yes,Yes,Yes,1,Yes,Yes,25990,1080,1920,12,5
asus,3000,5,Yes,8,2,16,android,Yes,Yes,Yes,2,Yes,Yes,4999,720,1440,13,5
lg,3000,6,Yes,8,3,16,android,Yes,Yes,Yes,1,Yes,Yes,8999,1080,1920,16,8
lg,3000,6,Yes,6,4,64,android,Yes,Yes,Yes,1,Yes,Yes,14999,1440,2560,16,5
realme,4230,6,Yes,8,2,16,android,Yes,Yes,No,1,No,No,7990,720,1520,13,5
infocus,2600,6,Yes,8,3,16,android,Yes,Yes,Yes,2,Yes,Yes,6000,1080,1920,13,13
alcatel,2000,5,Yes,4,1,8,android,Yes,Yes,Yes,1,Yes,Yes,3499,480,960,5,2
infocus,2600,6,Yes,8,2,16,android,Yes,Yes,Yes,2,Yes,Yes,4990,1080,1920,13,13
intex,1400,4,Yes,2,0,8,android,Yes,Yes,Yes,2,Yes,No,4299,480,800,0,0
samsung,3000,6,Yes,8,4,64,android,Yes,Yes,Yes,2,Yes,Yes,26999,1440,2960,12,8
itel,2400,5,Yes,4,1,8,android,Yes,Yes,Yes,2,Yes,Yes,6600,480,960,5,5
lenovo,2900,6,Yes,8,2,16,android,Yes,Yes,Yes,2,Yes,Yes,14000,1080,1920,13,5
razer,4000,6,Yes,8,8,64,android,Yes,Yes,Yes,1,Yes,Yes,54990,1440,2560,12,8
zopo,2500,6,Yes,4,3,16,android,Yes,Yes,Yes,2,No,No,3980,720,1280,8,5
samsung,3300,6,Yes,8,3,16,android,Yes,Yes,Yes,2,Yes,Yes,11200,1080,1920,13,8
micromax,2000,5,Yes,4,1,4,android,Yes,Yes,Yes,2,Yes,No,8999,480,800,5,2
zopo,3000,6,Yes,8,3,16,android,Yes,Yes,Yes,1,Yes,Yes,6499,1080,1920,13,5
intex,3000,5,Yes,4,1,8,android,Yes,Yes,Yes,2,Yes,Yes,3499,480,960,5,5
sony,3180,6,Yes,8,4,64,android,Yes,Yes,Yes,2,Yes,Yes,57900,1080,2160,19,5
samsung,3000,6,Yes,8,4,32,android,Yes,Yes,Yes,1,Yes,Yes,17999,1440,2560,16,5
samsung,3300,6,Yes,4,2,32,android,Yes,Yes,Yes,1,No,No,9499,720,1480,13,5
meizu,3000,5,Yes,8,4,64,android,Yes,No,Yes,2,No,No,28000,1080,1920,12,16
htc,2000,5,Yes,8,1,8,android,Yes,Yes,Yes,2,Yes,No,9000,540,960,8,2
itel,2400,5,Yes,4,2,16,android,Yes,Yes,Yes,2,Yes,Yes,4350,480,960,5,2
gionee,3100,5,Yes,4,4,32,android,Yes,Yes,Yes,2,Yes,Yes,6290,720,1280,13,16
xolo,2100,5,Yes,4,1,8,android,Yes,Yes,Yes,2,Yes,No,3699,854,480,8,2
honor,3000,6,Yes,8,2,32,android,Yes,Yes,Yes,2,Yes,Yes,6999,720,1440,13,8
micromax,2350,5,Yes,8,2,32,android,Yes,Yes,Yes,2,Yes,No,5999,1080,1920,16,8
yu,2000,5,Yes,4,1,8,android,Yes,Yes,Yes,2,Yes,Yes,4695,720,1280,8,2
xiaomi,2000,5,Yes,4,1,8,android,Yes,Yes,Yes,2,Yes,No,5999,720,1280,8,1
realme,5000,7,Yes,8,4,64,android,Yes,Yes,Yes,2,Yes,Yes,9999,720,1600,48,13
microsoft,2100,5,Yes,4,1,8,windows,Yes,Yes,Yes,1,Yes,Yes,5398,720,1280,5,2
samsung,2600,5,Yes,4,2,16,android,Yes,Yes,Yes,2,Yes,Yes,6480,720,1280,8,5
honor,4000,5,Yes,4,2,16,android,Yes,Yes,Yes,2,Yes,Yes,8556,720,1280,13,5
panasonic,2210,5,Yes,4,1,16,android,Yes,Yes,Yes,2,Yes,Yes,6604,480,854,8,5
honor,3100,5,Yes,8,3,16,android,Yes,Yes,Yes,1,Yes,Yes,15999,1080,1920,20,8
samsung,4000,7,Yes,8,3,32,android,Yes,Yes,Yes,2,Yes,Yes,10999,720,1560,13,8
vivo,4000,7,Yes,8,8,128,android,Yes,Yes,Yes,2,Yes,Yes,29999,1080,2316,12,8
oppo,2410,5,Yes,4,1,16,android,Yes,Yes,Yes,2,Yes,No,11735,720,1280,8,5
lava,4120,6,Yes,4,1,16,android,Yes,Yes,Yes,2,Yes,Yes,4829,600,1280,8,5
lava,3200,6,Yes,8,2,32,android,Yes,Yes,Yes,2,No,No,6299,720,1520,13,5
zopo,2500,5,Yes,8,3,16,android,Yes,Yes,Yes,2,Yes,Yes,3990,1080,1920,13,5
asus,5000,6,Yes,8,6,64,android,Yes,Yes,Yes,2,Yes,Yes,27999,1080,2340,48,48
gionee,3000,5,Yes,4,2,16,android,Yes,Yes,Yes,2,Yes,Yes,4978,720,1280,8,8
vivo,3260,6,Yes,8,4,64,android,Yes,Yes,Yes,2,Yes,Yes,16490,1080,2280,13,16
intex,3000,5,Yes,4,1,8,android,Yes,Yes,Yes,2,Yes,Yes,5649,720,1280,5,2
ziox,2350,5,Yes,4,1,16,android,Yes,Yes,Yes,2,Yes,Yes,3799,480,854,5,2
micromax,2500,6,Yes,4,1,8,android,Yes,Yes,Yes,2,Yes,No,3968,720,1280,8,5
panasonic,2050,5,Yes,8,2,16,android,Yes,Yes,Yes,2,Yes,No,5529,720,1280,13,5
lg,2540,5,Yes,4,1,8,android,Yes,Yes,Yes,2,Yes,No,3999,480,854,8,5
micromax,2500,6,Yes,4,1,16,android,Yes,Yes,Yes,2,Yes,No,7389,720,1280,8,5
realme,3765,7,Yes,8,4,128,android,Yes,Yes,Yes,2,Yes,Yes,14999,1080,2340,48,16
xiaomi,2200,5,Yes,4,1,8,android,Yes,Yes,Yes,2,Yes,Yes,5399,720,1280,8,2
zuk,3100,6,Yes,4,4,64,android,Yes,Yes,Yes,2,Yes,Yes,29124,1080,1920,13,8
intex,2300,6,Yes,8,2,16,android,Yes,Yes,Yes,2,Yes,No,16818,720,1280,13,5
motorola,2730,6,Yes,8,6,64,android,Yes,Yes,Yes,1,Yes,Yes,20999,1440,2560,12,5
ivoomi,2000,5,Yes,4,2,16,android,Yes,Yes,Yes,2,Yes,Yes,2900,480,854,8,5
motorola,3510,6,Yes,8,3,32,android,Yes,Yes,Yes,2,Yes,Yes,8990,1080,1920,16,5
motorola,1980,4,Yes,2,1,4,android,Yes,Yes,Yes,2,Yes,No,4999,540,960,5,0
blackberry,1450,2,No,1,0,1,blackberry,Yes,Yes,No,1,No,No,6999,240,320,2,0
jivi,3000,6,Yes,4,2,16,android,Yes,Yes,No,1,Yes,Yes,6449,720,1280,13,5
xiaomi,3000,5,Yes,4,1,8,android,Yes,Yes,Yes,2,Yes,Yes,4499,720,1280,8,5
infocus,2600,6,Yes,4,3,16,android,Yes,Yes,No,2,No,Yes,6499,1280,720,13,8
samsung,3100,6,Yes,6,2,16,android,Yes,Yes,Yes,1,Yes,Yes,11250,720,1280,8,2
oppo,4230,6,Yes,8,2,16,android,Yes,Yes,Yes,1,No,No,7450,720,1520,13,8
lg,2540,5,Yes,4,1,8,android,Yes,Yes,Yes,1,Yes,Yes,5999,720,1280,8,1
microsoft,3000,5,Yes,6,3,32,windows,Yes,Yes,Yes,1,Yes,Yes,41390,1440,2560,20,5
lava,2500,5,Yes,4,1,16,android,Yes,Yes,Yes,1,No,No,4890,720,1080,5,5
intex,2000,5,Yes,4,1,8,android,Yes,Yes,Yes,2,Yes,Yes,3450,480,960,5,2
micromax,4000,6,Yes,4,2,16,android,Yes,Yes,Yes,2,Yes,No,5990,720,1280,8,5
panasonic,2350,5,Yes,8,3,32,android,Yes,Yes,Yes,2,Yes,Yes,13988,720,1280,13,5
comio,5000,5,Yes,4,3,32,android,Yes,Yes,Yes,2,No,Yes,8666,720,1280,13,8
karbonn,1800,5,Yes,4,2,16,android,Yes,Yes,Yes,2,Yes,No,3990,720,1280,8,5
xiaomi,3120,5,Yes,4,2,16,android,Yes,Yes,Yes,2,Yes,Yes,6999,720,1280,13,5
panasonic,4000,5,Yes,4,3,16,android,Yes,Yes,No,2,Yes,Yes,7999,720,1280,13,5
panasonic,5000,5,Yes,4,1,8,android,Yes,Yes,Yes,2,Yes,No,5499,720,1280,8,5
vivo,5000,6,Yes,8,4,128,android,Yes,Yes,Yes,2,No,No,11490,720,1544,13,20
intex,2000,5,Yes,4,0,8,android,Yes,Yes,Yes,2,Yes,No,2488,480,854,5,0
nokia,3000,6,Yes,8,2,16,android,Yes,Yes,Yes,2,Yes,Yes,7250,1080,1920,16,8
videocon,3000,5,Yes,4,1,1,android,Yes,Yes,Yes,2,Yes,No,5399,480,854,8,5
realme,4045,6,Yes,8,4,64,android,Yes,Yes,Yes,2,Yes,Yes,13999,1080,2340,16,25
lava,2650,6,Yes,4,2,32,android,Yes,Yes,Yes,2,Yes,No,3999,720,1280,8,5
lava,3020,6,Yes,8,4,32,android,Yes,Yes,Yes,2,Yes,Yes,12000,720,1280,13,8
micromax,1600,4,Yes,4,1,8,android,Yes,Yes,Yes,2,Yes,Yes,2340,480,800,5,2
vivo,5000,7,Yes,8,4,128,android,Yes,Yes,Yes,2,Yes,Yes,13990,1080,2340,16,16
lyf,2600,5,Yes,8,2,16,android,Yes,Yes,Yes,2,Yes,Yes,4800,1080,1920,13,5
samsung,3300,6,Yes,8,3,16,android,Yes,Yes,Yes,2,Yes,Yes,7999,1080,1920,13,5
swipe,2500,5,Yes,4,2,16,android,Yes,Yes,Yes,2,Yes,Yes,5999,720,1280,8,5
motorola,5000,6,Yes,4,3,32,android,Yes,Yes,Yes,2,Yes,Yes,9999,720,1280,13,5
sony,2300,4,Yes,4,2,16,android,Yes,Yes,Yes,1,Yes,Yes,11999,720,1280,20,2
huawei,3000,5,Yes,8,3,32,android,Yes,Yes,Yes,1,Yes,Yes,39999,1080,1920,12,8
xolo,2350,5,Yes,4,1,8,android,Yes,Yes,Yes,2,No,No,4099,720,1280,5,5
samsung,5000,6,Yes,8,3,32,android,No,Yes,Yes,2,Yes,Yes,9999,1080,2340,13,8
jivi,2500,5,Yes,4,1,8,android,Yes,Yes,No,1,Yes,Yes,3599,480,854,8,5
sony,3300,6,Yes,4,3,32,android,Yes,Yes,Yes,2,Yes,Yes,73300,720,1280,13,8
micromax,2000,5,Yes,4,1,8,android,Yes,Yes,Yes,2,Yes,No,5999,540,960,8,2
ziox,2600,5,Yes,4,1,8,android,Yes,Yes,Yes,2,Yes,Yes,3199,720,1280,8,5
apple,2658,7,Yes,6,4,64,ios,Yes,Yes,Yes,2,Yes,Yes,69999,1242,2688,12,7
leeco,3000,6,Yes,8,3,32,android,Yes,Yes,Yes,2,Yes,Yes,7990,1080,1920,13,5
intex,2500,5,Yes,4,2,16,android,Yes,Yes,Yes,2,No,No,3999,720,1280,8,5
intex,2850,6,Yes,8,2,16,android,Yes,Yes,Yes,2,Yes,Yes,9630,1080,1920,13,5
lenovo,2000,4,Yes,4,1,8,android,Yes,Yes,Yes,2,Yes,No,3549,480,800,5,0
google,3700,6,Yes,8,6,64,android,Yes,Yes,Yes,2,Yes,Yes,83900,1440,3040,16,8
intex,2200,5,Yes,4,1,8,android,Yes,Yes,Yes,2,Yes,No,3499,480,854,5,0
vivo,3000,6,Yes,8,4,32,android,Yes,Yes,Yes,2,Yes,Yes,16541,720,1280,13,20
gionee,2000,5,Yes,4,2,32,android,Yes,Yes,Yes,1,Yes,No,21450,1080,1920,13,5
lyf,1800,4,Yes,4,1,8,android,Yes,Yes,Yes,2,No,Yes,3579,480,800,5,0
xiaomi,3080,5,Yes,4,3,16,android,Yes,Yes,Yes,1,Yes,No,7987,1080,1920,13,8
tecno,4000,6,Yes,4,2,16,android,Yes,Yes,Yes,2,Yes,Yes,6629,720,1280,13,8
samsung,2600,5,Yes,8,3,32,android,Yes,Yes,Yes,1,Yes,Yes,25999,1440,2560,16,5
lyf,1750,4,Yes,4,0,4,android,Yes,Yes,No,2,Yes,Yes,1999,480,800,2,2
sony,2930,6,Yes,8,2,16,android,Yes,Yes,Yes,1,Yes,Yes,25990,1080,1920,13,13
lava,2200,6,Yes,4,1,8,android,Yes,Yes,Yes,2,Yes,No,4200,480,800,5,2
nubia,5000,7,Yes,8,8,128,android,Yes,Yes,No,2,Yes,Yes,35999,1080,2340,48,16
lenovo,2300,5,Yes,4,2,16,android,Yes,Yes,Yes,2,Yes,Yes,7300,720,1280,8,2
poco,4500,7,Yes,8,6,64,android,Yes,Yes,Yes,2,Yes,Yes,15999,1080,2400,64,20
panasonic,3200,5,Yes,4,2,16,android,Yes,No,Yes,2,Yes,No,5299,720,1280,8,5
honor,3000,6,Yes,8,3,32,android,Yes,Yes,Yes,2,Yes,Yes,7499,1080,2280,13,16
panasonic,2400,5,Yes,4,1,16,android,Yes,Yes,Yes,2,Yes,Yes,3899,720,1280,5,5
realme,4035,6,Yes,8,4,64,android,Yes,Yes,Yes,2,Yes,Yes,11999,1080,2340,48,16
blackberry,2180,3,Yes,2,2,8,blackberry,Yes,Yes,Yes,1,Yes,Yes,10800,720,720,5,2
samsung,3000,6,Yes,4,1,8,android,Yes,Yes,Yes,2,Yes,Yes,9977,720,1280,13,5
motorola,3000,5,Yes,8,3,16,android,Yes,Yes,Yes,2,Yes,Yes,10900,1080,1920,12,5
realme,4000,6,Yes,8,4,64,android,Yes,Yes,Yes,2,Yes,Yes,16999,1080,2340,64,32
lg,3200,6,Yes,8,3,16,android,Yes,Yes,Yes,1,Yes,Yes,6999,720,1280,13,8
lava,2500,5,Yes,4,2,8,android,Yes,Yes,Yes,2,Yes,Yes,7980,720,1280,8,5
micromax,2900,5,Yes,8,3,16,android,Yes,Yes,Yes,2,Yes,Yes,6800,1080,1920,13,5
celkon,1500,4,Yes,4,1,8,android,Yes,Yes,No,2,Yes,Yes,3199,480,800,3,2
comio,2900,6,Yes,4,3,32,android,Yes,Yes,Yes,2,Yes,Yes,6300,1080,2160,13,8
infinix,4000,7,Yes,8,4,64,android,Yes,Yes,Yes,2,Yes,Yes,8999,720,1600,16,16
nokia,2990,5,Yes,8,2,16,android,Yes,Yes,Yes,1,No,No,5994,720,1440,13,8
apple,1715,5,Yes,2,2,16,ios,Yes,Yes,Yes,1,Yes,Yes,22999,750,1334,12,5
infinix,4000,6,Yes,8,3,32,android,Yes,Yes,Yes,2,Yes,Yes,10999,720,1500,13,16
intex,1400,4,Yes,4,0,4,android,Yes,Yes,Yes,2,Yes,No,2199,480,800,2,2
samsung,3600,6,Yes,8,3,64,android,Yes,Yes,Yes,2,No,Yes,16900,1080,1920,13,13
samsung,2600,5,Yes,8,2,16,android,Yes,Yes,Yes,1,Yes,Yes,57915,1080,1920,13,2
zopo,3100,6,Yes,8,3,32,android,Yes,Yes,Yes,2,No,No,6990,1080,1920,13,8
intex,2000,5,Yes,4,0,8,android,Yes,Yes,Yes,2,Yes,No,3899,540,960,5,0
xolo,2600,6,Yes,4,1,8,android,Yes,Yes,Yes,2,Yes,No,14534,720,1280,13,2
realme,3410,6,Yes,8,3,32,android,Yes,Yes,Yes,2,Yes,Yes,10299,1080,2160,13,8
gionee,3000,5,Yes,4,2,16,android,Yes,Yes,Yes,1,No,No,4488,720,1440,13,5
xiaomi,3100,6,Yes,4,2,16,android,Yes,Yes,Yes,2,Yes,Yes,8999,720,1280,13,5
blackberry,4000,6,Yes,8,4,32,android,Yes,Yes,Yes,1,Yes,Yes,29999,1080,1920,12,8
infocus,2400,5,Yes,4,1,8,android,Yes,Yes,Yes,1,No,No,3899,720,1280,5,5
karbonn,2200,5,Yes,4,2,16,android,Yes,Yes,Yes,2,Yes,No,2999,720,1280,8,5
vivo,4030,6,Yes,8,2,16,android,Yes,Yes,Yes,2,Yes,Yes,6799,720,1520,13,5
google,2770,5,Yes,4,4,32,android,Yes,Yes,Yes,1,Yes,Yes,22299,1080,1920,12,8
intex,2300,5,Yes,4,2,16,android,Yes,Yes,Yes,2,No,Yes,5999,720,1280,13,5
zopo,1450,4,No,4,1,16,android,Yes,Yes,Yes,2,No,No,4888,480,800,0,0
videocon,2200,5,Yes,8,1,8,android,Yes,Yes,No,2,Yes,No,6390,720,1280,8,5
infinix,4350,6,Yes,8,6,128,android,Yes,Yes,Yes,2,Yes,Yes,15900,1080,1920,12,16
sony,2620,5,Yes,8,3,32,android,Yes,Yes,Yes,2,Yes,Yes,9500,720,1280,13,8
alcatel,4000,6,Yes,8,3,32,android,Yes,Yes,Yes,1,No,Yes,8999,1080,1920,16,8
honor,3750,6,Yes,8,4,64,android,Yes,Yes,Yes,2,Yes,Yes,18011,1080,2340,16,16
nuu mobile,3200,6,Yes,4,3,32,android,Yes,Yes,Yes,2,Yes,Yes,4229,720,1280,8,5
alcatel,3000,6,Yes,4,3,32,android,Yes,Yes,Yes,2,Yes,Yes,10999,1080,2160,16,8
lava,2500,5,Yes,4,2,8,android,Yes,Yes,Yes,2,Yes,Yes,4500,720,1280,8,8
swipe,4000,6,Yes,4,2,16,android,Yes,Yes,Yes,2,Yes,Yes,4499,720,1280,8,5
samsung,3600,6,Yes,8,4,32,android,Yes,Yes,Yes,2,Yes,Yes,39996,1440,2560,12,5
samsung,4000,6,Yes,8,8,128,android,Yes,Yes,Yes,2,Yes,Yes,66999,1440,3200,12,10
xiaomi,3080,6,Yes,4,2,16,android,Yes,Yes,Yes,2,Yes,Yes,5999,720,1280,13,5
cat,4000,5,Yes,4,2,16,android,Yes,Yes,Yes,2,No,No,27990,720,1280,8,2
honor,3400,6,Yes,8,6,128,android,Yes,Yes,Yes,2,Yes,Yes,16990,1080,2280,16,24
vivo,4030,6,Yes,8,3,64,android,Yes,Yes,Yes,1,No,No,9950,720,1580,13,8
lava,2500,5,Yes,4,2,8,android,Yes,Yes,Yes,2,Yes,Yes,9700,720,1280,8,5
htc,3600,6,Yes,8,4,64,android,Yes,Yes,Yes,2,No,No,12990,1080,2160,16,13
samsung,3800,6,Yes,8,6,128,android,Yes,Yes,Yes,2,Yes,Yes,22000,1080,2220,24,24
lava,2250,4,Yes,4,1,8,android,Yes,Yes,Yes,2,Yes,Yes,3499,400,800,2,2
gionee,4000,5,Yes,4,3,32,android,Yes,Yes,Yes,2,Yes,Yes,7499,720,1280,8,5
meizu,3010,6,Yes,8,8,128,android,Yes,Yes,Yes,2,Yes,Yes,19990,1080,2160,12,20
lava,3000,6,Yes,4,2,16,android,Yes,Yes,Yes,2,Yes,Yes,6999,720,1440,13,13
panasonic,4000,5,Yes,4,3,32,android,Yes,Yes,Yes,2,Yes,Yes,5891,720,1280,13,5
leeco,4070,6,Yes,4,4,32,android,Yes,Yes,Yes,2,Yes,Yes,10990,1080,1920,16,8
infocus,3000,5,Yes,8,4,64,android,Yes,Yes,Yes,1,Yes,Yes,6195,720,1280,13,8
infinix,4300,6,Yes,4,3,32,android,Yes,Yes,Yes,2,No,Yes,8999,1080,1920,13,8
samsung,3000,6,Yes,8,4,64,android,Yes,Yes,Yes,1,Yes,Yes,26994,1440,2960,12,8
coolpad,4000,6,Yes,8,3,32,android,Yes,Yes,Yes,2,Yes,Yes,12639,1080,1920,13,8
swipe,3000,5,Yes,4,1,8,android,Yes,Yes,Yes,2,Yes,No,4099,480,854,8,3
intex,3650,6,Yes,4,2,16,android,Yes,Yes,Yes,2,Yes,Yes,6772,720,1280,8,5
micromax,2500,5,Yes,4,2,16,android,Yes,Yes,Yes,2,Yes,Yes,3690,720,1280,8,5
gionee,2670,5,Yes,8,2,16,android,Yes,Yes,Yes,2,Yes,Yes,3999,720,1440,8,5
lg,4000,6,Yes,8,6,128,android,Yes,Yes,Yes,1,No,No,49990,1080,2340,12,32
intex,2800,5,Yes,4,2,16,android,Yes,Yes,Yes,2,Yes,Yes,5949,480,854,5,2
honor,3400,6,Yes,8,4,128,android,Yes,Yes,Yes,2,Yes,Yes,10999,1080,2340,24,32
lyf,2500,5,Yes,8,3,32,android,Yes,Yes,Yes,2,Yes,Yes,6990,1080,1920,13,13
micromax,2000,5,Yes,4,2,16,android,Yes,Yes,Yes,2,Yes,Yes,4050,720,1280,8,2
lg,2100,5,Yes,4,2,32,android,Yes,Yes,Yes,1,Yes,No,9999,768,1280,13,1
zen,2900,6,Yes,4,1,8,android,Yes,Yes,Yes,2,Yes,No,2999,854,480,5,2
jivi,2300,4,Yes,4,1,8,android,Yes,Yes,No,1,Yes,Yes,2499,480,800,5,2
lava,2000,5,Yes,4,0,8,android,Yes,Yes,Yes,2,Yes,No,2899,480,854,5,2
smartron,5000,5,Yes,8,3,32,android,Yes,Yes,Yes,2,Yes,Yes,10500,720,1280,13,5
intex,3800,5,Yes,4,1,8,android,Yes,Yes,Yes,2,Yes,Yes,4995,720,1280,8,2
xiaomi,3000,5,Yes,4,2,16,android,Yes,Yes,Yes,2,Yes,Yes,7199,720,1280,13,5
honor,4000,6,Yes,8,6,128,android,Yes,Yes,Yes,2,No,Yes,17586,1440,2560,12,8
nokia,1430,4,Yes,2,0,8,windows,Yes,Yes,Yes,1,Yes,No,3850,480,800,5,0
google,3450,6,Yes,4,4,32,android,Yes,Yes,Yes,1,Yes,Yes,30990,1440,2560,12,8
samsung,3000,6,Yes,4,2,16,android,Yes,Yes,Yes,2,Yes,Yes,5990,720,1280,13,5
coolpad,2500,5,Yes,4,2,16,android,Yes,Yes,No,1,No,No,4590,720,1280,8,5
intex,2800,6,Yes,4,2,16,android,Yes,Yes,Yes,2,Yes,Yes,4390,720,1280,8,5
intex,2800,5,Yes,4,3,32,android,Yes,Yes,Yes,2,Yes,Yes,4199,720,1280,13,5
micromax,1800,5,Yes,4,1,8,android,Yes,Yes,Yes,2,Yes,Yes,4950,480,854,5,2
itel,4000,5,Yes,4,1,8,android,Yes,Yes,Yes,2,Yes,Yes,3990,480,960,5,2
micromax,2300,5,Yes,8,2,16,android,Yes,Yes,Yes,2,Yes,No,13895,720,1280,13,13
panasonic,3500,6,Yes,8,2,16,android,Yes,Yes,Yes,2,Yes,Yes,4500,720,1280,13,8
oppo,3200,6,Yes,8,4,64,android,Yes,Yes,Yes,2,Yes,Yes,11990,1080,1920,13,16
lg,3300,6,Yes,8,6,128,android,Yes,Yes,Yes,2,Yes,Yes,29999,1440,3120,12,8
samsung,3500,6,Yes,8,4,64,android,Yes,Yes,Yes,2,Yes,Yes,19990,720,1480,16,16
samsung,3500,6,Yes,8,6,64,android,Yes,Yes,Yes,2,Yes,Yes,29999,1440,2960,12,8
zopo,2100,5,Yes,4,1,16,android,Yes,Yes,Yes,2,Yes,Yes,3389,480,854,5,2
ivoomi,3000,5,Yes,4,3,32,android,Yes,Yes,Yes,2,Yes,Yes,4950,720,1280,13,8
zen,2900,6,Yes,4,1,8,android,Yes,Yes,Yes,2,Yes,No,3739,540,960,5,2
nokia,2200,5,Yes,4,1,16,windows,Yes,Yes,Yes,1,Yes,Yes,19999,720,1280,10,0
intex,2200,5,Yes,4,2,16,android,Yes,Yes,Yes,2,Yes,Yes,6100,720,1280,8,8
htc,2600,6,Yes,4,1,8,android,Yes,Yes,Yes,2,Yes,No,21990,720,1280,13,5
sony,3580,6,Yes,8,4,32,android,Yes,Yes,Yes,2,Yes,Yes,74164,1080,1920,23,16
samsung,4000,6,Yes,8,3,32,android,Yes,Yes,Yes,2,Yes,Yes,8499,720,1520,13,8
itel,2700,5,Yes,4,1,16,android,Yes,Yes,Yes,2,Yes,Yes,4900,480,854,8,5
nokia,2630,5,Yes,4,2,16,android,Yes,Yes,Yes,2,Yes,Yes,6900,720,1280,8,8
asus,5000,5,Yes,8,3,32,android,Yes,Yes,No,2,Yes,Yes,14999,720,1280,13,8
lyf,2250,5,Yes,4,2,16,android,Yes,Yes,Yes,2,Yes,Yes,6099,720,1280,8,5
asus,3300,6,Yes,1,4,64,android,Yes,Yes,Yes,2,Yes,Yes,6499,1080,1920,12,8
lg,4050,6,Yes,8,4,64,android,Yes,Yes,No,2,Yes,Yes,12480,720,1520,13,16
tecno,4000,6,Yes,4,3,32,android,Yes,Yes,Yes,2,Yes,Yes,8990,720,1440,13,13
htc,1860,5,Yes,4,1,8,android,Yes,Yes,Yes,2,Yes,No,22500,540,960,8,1
acer,2420,5,Yes,4,2,16,android,Yes,Yes,Yes,1,Yes,Yes,5750,720,1280,8,8
xiaomi,4000,6,Yes,8,4,64,android,Yes,Yes,Yes,2,Yes,Yes,9799,1080,2340,48,13
oppo,3200,6,Yes,8,4,32,android,Yes,Yes,Yes,2,Yes,Yes,10499,1080,2160,16,20
intex,1450,4,Yes,4,0,4,android,Yes,Yes,No,2,No,Yes,3935,480,800,5,1
panasonic,2000,5,Yes,4,1,16,android,Yes,Yes,Yes,2,No,Yes,6998,720,1280,8,2
spice,1450,4,Yes,1,0,4,android,Yes,Yes,Yes,2,Yes,No,3500,480,800,3,1
lenovo,2420,5,Yes,8,3,32,android,Yes,Yes,Yes,2,Yes,Yes,10990,1080,1920,13,8
intex,1650,5,Yes,4,1,8,android,Yes,Yes,Yes,2,Yes,No,2699,480,854,5,0
lava,2000,5,Yes,4,1,8,android,Yes,Yes,Yes,2,Yes,No,2999,480,854,5,2
tecno,6000,6,Yes,8,4,64,android,Yes,Yes,No,2,Yes,Yes,8499,720,1548,13,13
apple,1624,4,Yes,1,2,16,ios,Yes,Yes,Yes,1,Yes,Yes,16999,640,1136,12,1
motorola,4000,6,Yes,8,3,32,android,Yes,Yes,No,2,No,Yes,8049,720,1440,13,8
panasonic,1800,5,Yes,4,2,16,android,Yes,Yes,Yes,2,Yes,Yes,4899,720,1280,8,5
lg,3000,6,Yes,4,1,16,android,Yes,Yes,Yes,1,Yes,Yes,7999,720,1280,13,8
asus,2500,5,Yes,4,2,16,android,Yes,Yes,Yes,2,Yes,Yes,4990,720,1280,8,5
panasonic,2700,6,Yes,4,2,16,android,Yes,Yes,Yes,2,Yes,Yes,5549,720,1280,13,5
sony,2930,5,Yes,8,3,32,android,Yes,Yes,Yes,1,Yes,Yes,34915,1080,1920,20,5
samsung,2600,5,Yes,4,1,8,android,Yes,Yes,Yes,1,Yes,Yes,5990,720,1280,8,5
panasonic,4000,5,Yes,8,3,32,android,Yes,Yes,Yes,2,Yes,Yes,9000,720,1280,13,8
htc,3000,6,Yes,4,4,64,android,Yes,Yes,Yes,2,Yes,Yes,54665,1440,2560,12,16
huawei,4200,6,Yes,8,8,256,android,Yes,Yes,No,2,Yes,Yes,54280,1080,2340,40,32
panasonic,3000,6,Yes,8,3,32,android,Yes,Yes,Yes,2,Yes,Yes,10990,1080,1920,16,5
sony,2500,5,Yes,4,1,8,android,Yes,Yes,Yes,1,Yes,Yes,18490,720,1280,8,1
micromax,2000,5,Yes,4,1,8,android,Yes,Yes,Yes,2,Yes,Yes,3099,480,854,5,2
lyf,4000,5,Yes,4,1,8,android,Yes,Yes,Yes,2,Yes,Yes,5999,720,1280,8,2
videocon,3000,5,Yes,4,3,32,android,Yes,Yes,Yes,2,Yes,Yes,8250,720,1280,13,5
gionee,1850,5,Yes,4,1,8,android,Yes,Yes,Yes,2,Yes,No,4999,480,854,5,2
lyf,3000,5,Yes,8,3,32,android,Yes,Yes,Yes,2,Yes,Yes,7599,1080,1920,16,5
vivo,1900,5,Yes,4,1,8,android,Yes,Yes,Yes,2,Yes,No,4999,854,480,5,2
oppo,3500,6,Yes,8,4,64,android,Yes,Yes,Yes,2,Yes,Yes,11994,1080,2340,16,16
xolo,3000,5,Yes,4,2,16,android,Yes,Yes,Yes,2,Yes,Yes,7499,720,1280,8,13
motorola,2070,5,Yes,4,1,8,android,Yes,Yes,Yes,2,Yes,No,9999,720,1280,5,1
asus,4000,6,Yes,8,8,128,android,Yes,Yes,Yes,2,Yes,Yes,69999,1080,2160,12,8
sony,1320,4,Yes,2,0,8,android,Yes,Yes,Yes,1,Yes,No,4990,480,854,5,0
sony,2600,5,Yes,8,3,16,android,Yes,Yes,Yes,1,Yes,Yes,5999,1080,1920,21,13
xiaomi,3050,5,Yes,4,2,16,android,Yes,Yes,Yes,1,Yes,No,13999,1080,1920,13,2
htc,3930,6,Yes,8,6,128,android,Yes,Yes,Yes,2,Yes,Yes,52990,1440,2560,12,8
panasonic,2200,5,Yes,4,1,16,android,Yes,Yes,No,2,Yes,Yes,4499,720,1280,8,5
micromax,2500,5,Yes,4,2,16,android,Yes,Yes,Yes,2,Yes,Yes,7998,720,1280,8,5
samsung,3300,6,Yes,8,3,32,android,Yes,Yes,Yes,2,Yes,Yes,10990,1080,1920,13,13
zopo,3600,6,Yes,10,4,32,android,Yes,Yes,Yes,2,Yes,Yes,9980,1080,1920,21,8
vivo,2300,5,Yes,4,2,16,android,Yes,Yes,Yes,2,Yes,Yes,15300,720,1280,13,5
alcatel,4000,6,Yes,8,3,32,android,Yes,Yes,Yes,1,No,No,12999,720,1500,12,8
htc,2800,6,Yes,8,1,16,android,Yes,Yes,Yes,2,Yes,No,11586,720,1280,13,5
tecno,3050,6,Yes,4,2,32,android,Yes,Yes,Yes,2,Yes,Yes,5199,720,1440,13,8
microsoft,2000,5,Yes,4,1,16,windows,Yes,Yes,Yes,1,Yes,Yes,9990,720,1280,8,5
videocon,3000,5,Yes,4,1,8,android,Yes,Yes,Yes,2,Yes,No,4006,480,854,5,2
lava,2900,5,Yes,4,3,16,android,Yes,Yes,Yes,2,Yes,Yes,12000,720,1280,13,5
swipe,2500,5,Yes,4,3,32,android,Yes,No,Yes,2,Yes,Yes,4399,720,1280,13,8
xiaomi,4100,5,Yes,8,2,16,android,Yes,Yes,Yes,2,Yes,Yes,8999,720,1280,13,5
swipe,2500,5,Yes,4,1,8,android,Yes,Yes,Yes,2,No,No,2999,480,854,5,2
intex,2800,6,Yes,4,2,16,android,Yes,Yes,Yes,2,Yes,Yes,4799,720,1280,8,5
panasonic,1600,5,Yes,4,1,8,android,Yes,Yes,Yes,2,Yes,No,6760,480,854,5,2
intex,3000,6,Yes,1,2,16,android,Yes,Yes,No,1,Yes,Yes,4879,720,1280,8,5
videocon,3000,5,Yes,4,1,8,android,Yes,Yes,Yes,2,Yes,Yes,5599,480,854,5,2
sony,3230,6,Yes,8,4,64,android,Yes,Yes,Yes,2,Yes,Yes,33500,2160,3840,19,13
intex,2000,5,Yes,4,0,8,android,Yes,Yes,Yes,2,Yes,No,2199,480,854,2,0
vivo,2720,6,Yes,8,2,16,android,Yes,Yes,Yes,2,Yes,Yes,13000,720,1280,13,5
samsung,5000,6,Yes,8,4,32,android,Yes,Yes,Yes,2,Yes,Yes,19980,1080,1920,16,8
honor,3400,6,Yes,8,3,32,android,Yes,Yes,Yes,2,Yes,Yes,7999,1080,2340,13,24
asus,2650,5,Yes,4,2,16,android,Yes,Yes,Yes,2,Yes,Yes,4599,720,1280,13,5
intex,1400,4,Yes,1,0,4,android,Yes,Yes,Yes,2,Yes,No,2399,480,800,2,0
honor,3000,5,Yes,8,4,32,android,Yes,Yes,Yes,2,Yes,Yes,20246,1080,1920,12,8
oppo,4000,6,Yes,8,4,64,android,Yes,Yes,Yes,2,Yes,Yes,13990,1080,1920,16,16
micromax,1700,5,Yes,4,1,4,android,Yes,Yes,Yes,2,Yes,No,4795,480,854,5,2
motorola,3220,6,Yes,4,3,32,android,Yes,Yes,Yes,1,Yes,Yes,13490,1440,2560,13,2
micromax,2000,5,Yes,4,1,8,android,Yes,Yes,Yes,2,Yes,No,4970,720,1280,8,5
intex,1450,4,Yes,4,0,4,android,Yes,Yes,Yes,2,Yes,No,2666,480,800,0,0
asus,6000,7,Yes,8,8,128,android,Yes,Yes,Yes,1,Yes,Yes,37999,1080,2340,48,24
lava,1850,5,Yes,2,0,4,android,Yes,Yes,No,2,No,No,2299,480,854,5,0
lava,1750,5,Yes,4,1,8,android,Yes,Yes,Yes,2,Yes,No,6999,480,800,5,0
samsung,3400,6,Yes,8,2,16,android,Yes,Yes,Yes,2,Yes,Yes,6999,720,1520,13,5
lg,4000,6,Yes,8,3,32,android,Yes,Yes,Yes,2,Yes,Yes,8499,720,1520,13,16
karbonn,2150,5,Yes,4,1,8,android,Yes,Yes,Yes,2,Yes,Yes,6326,720,1280,8,5
lava,2500,5,Yes,4,2,8,android,Yes,Yes,Yes,2,Yes,No,3999,720,1280,8,5
lg,3000,6,Yes,8,4,64,android,Yes,Yes,Yes,1,Yes,Yes,9999,1080,2160,13,5
lava,2000,4,Yes,1,0,8,android,Yes,Yes,Yes,2,Yes,No,2499,480,800,5,0
samsung,3500,6,Yes,8,8,256,android,Yes,Yes,Yes,2,Yes,Yes,69999,1080,2280,12,10
intex,3200,5,Yes,1,3,16,android,Yes,Yes,Yes,2,Yes,Yes,5499,720,1280,13,5
htc,2200,5,Yes,4,2,16,android,Yes,Yes,Yes,2,Yes,Yes,10299,720,1280,13,5
realme,4000,6,Yes,8,2,16,android,Yes,Yes,Yes,2,Yes,Yes,5999,720,1560,13,5
micromax,3200,6,Yes,8,4,128,android,Yes,Yes,Yes,2,Yes,Yes,13999,1080,1920,13,13
infocus,4850,6,Yes,8,3,32,android,Yes,Yes,Yes,2,Yes,Yes,5350,720,1280,13,5
coolpad,3000,6,Yes,8,3,32,android,Yes,Yes,No,2,No,No,4649,720,1520,8,5
oneplus,3700,6,Yes,8,6,128,android,Yes,Yes,Yes,2,Yes,Yes,29999,1080,2340,48,16
samsung,1800,4,Yes,2,0,4,android,Yes,Yes,Yes,2,Yes,No,4300,480,800,5,2
lava,2000,5,Yes,4,1,4,android,Yes,Yes,Yes,2,Yes,No,5040,540,960,8,0
micromax,1800,5,Yes,4,1,8,android,Yes,Yes,Yes,2,No,No,4999,480,854,5,2
vivo,2730,5,Yes,4,3,16,android,Yes,Yes,Yes,2,Yes,Yes,10990,1280,720,13,5
gionee,2000,5,Yes,8,1,16,android,Yes,Yes,Yes,2,Yes,No,6999,720,1280,5,2
xiaomi,5300,6,Yes,8,4,32,android,Yes,Yes,Yes,2,Yes,Yes,8999,1080,1920,12,5
micromax,2000,5,Yes,8,1,16,android,Yes,Yes,Yes,2,Yes,No,5490,720,1280,13,5
micromax,4000,5,Yes,1,1,8,android,Yes,Yes,Yes,1,Yes,Yes,3999,720,1280,8,2
micromax,2000,5,Yes,4,1,8,android,Yes,Yes,Yes,2,Yes,Yes,3199,480,854,5,2
panasonic,4000,6,Yes,8,4,64,android,Yes,Yes,No,2,Yes,Yes,8490,720,1500,13,8
honor,3020,5,Yes,4,2,16,android,Yes,Yes,Yes,1,No,No,5999,720,1440,13,5
blackberry,3410,5,Yes,6,3,32,android,Yes,Yes,Yes,1,Yes,Yes,19999,1440,2560,18,2
vivo,2200,5,Yes,4,1,16,android,Yes,Yes,Yes,2,Yes,Yes,8599,540,960,8,5
lava,2500,5,Yes,4,1,16,android,Yes,Yes,Yes,2,No,No,3899,480,854,5,2
samsung,3300,6,Yes,8,4,32,android,Yes,Yes,Yes,2,Yes,Yes,9890,1080,1920,13,13
oppo,3000,5,Yes,8,3,16,android,Yes,Yes,No,2,Yes,Yes,7999,720,1280,13,5
zopo,2300,6,Yes,4,2,16,android,Yes,Yes,Yes,2,Yes,Yes,4598,720,1280,8,5
lg,3000,6,Yes,6,3,32,android,Yes,Yes,Yes,1,Yes,Yes,13299,1440,2560,16,8
samsung,3300,6,Yes,8,4,32,android,Yes,Yes,Yes,2,Yes,Yes,11046,1080,1920,13,13
blackberry,3000,5,Yes,8,4,64,android,Yes,Yes,Yes,2,Yes,Yes,22990,1080,1620,13,8
samsung,3000,6,Yes,8,3,32,android,Yes,Yes,Yes,2,Yes,Yes,9490,720,1480,13,8
intex,4000,5,Yes,4,1,8,android,Yes,Yes,Yes,2,Yes,No,4999,720,1280,5,2
honor,3000,6,Yes,4,2,8,android,Yes,Yes,Yes,2,Yes,Yes,9999,720,1280,13,5
nokia,3260,6,Yes,8,6,128,android,Yes,Yes,Yes,1,Yes,Yes,13999,1440,2560,12,5
lenovo,2900,5,Yes,8,3,32,android,Yes,Yes,Yes,2,Yes,Yes,9799,1080,1920,16,8
jivi,2400,5,Yes,4,1,16,android,Yes,Yes,No,1,Yes,Yes,5199,480,854,8,5
infinix,5000,7,Yes,8,4,64,android,Yes,Yes,Yes,2,No,No,8000,720,1600,13,8
micromax,4000,5,Yes,4,2,8,android,Yes,Yes,Yes,2,Yes,No,4290,720,1280,8,2
videocon,2000,5,Yes,4,1,8,android,Yes,Yes,Yes,2,Yes,No,2799,480,854,5,2
intex,1700,4,Yes,4,1,4,android,Yes,Yes,Yes,2,Yes,Yes,6500,480,800,2,0
infocus,2900,6,Yes,4,3,16,android,Yes,Yes,Yes,2,Yes,Yes,7916,1080,1920,13,8
swipe,2500,5,Yes,4,1,8,android,Yes,Yes,Yes,2,Yes,Yes,3499,480,854,8,5
oneplus,3100,6,Yes,4,3,16,cyanogen,Yes,Yes,Yes,1,Yes,Yes,21999,1080,1920,13,5
vivo,4030,6,Yes,8,2,32,android,Yes,Yes,No,2,Yes,Yes,8349,720,1520,13,8
realme,4000,7,Yes,8,6,64,android,Yes,Yes,Yes,2,Yes,Yes,27999,1080,2400,64,16
poco,4000,6,Yes,8,6,64,android,Yes,Yes,Yes,2,Yes,Yes,14990,1080,2246,12,20
comio,2500,5,Yes,4,1,16,android,Yes,Yes,Yes,2,Yes,Yes,6499,720,1440,8,5
iball,1800,5,Yes,4,1,1,android,Yes,Yes,Yes,2,Yes,No,4995,480,854,8,3
lava,2500,5,Yes,4,2,8,android,Yes,Yes,Yes,2,Yes,Yes,5599,720,1280,8,5
lenovo,3500,6,Yes,8,2,16,android,Yes,Yes,Yes,2,Yes,Yes,8990,1080,1920,13,8
micromax,2500,6,Yes,4,3,16,android,Yes,Yes,Yes,2,Yes,Yes,4790,720,1280,13,5
nokia,1300,4,Yes,2,0,8,windows,Yes,Yes,Yes,1,Yes,No,4999,480,800,5,0
yu,4000,6,Yes,8,3,16,android,Yes,Yes,Yes,2,Yes,Yes,6499,1080,1920,13,5
ivoomi,2800,6,Yes,4,2,16,android,Yes,Yes,Yes,2,Yes,Yes,4490,720,1498,13,5
intex,1400,4,Yes,1,0,1,android,Yes,Yes,Yes,2,Yes,No,2199,480,800,0,0
vivo,3225,6,Yes,8,4,64,android,Yes,Yes,Yes,2,Yes,Yes,10990,720,1440,16,24
tambo,2500,5,Yes,8,1,8,android,Yes,Yes,Yes,2,Yes,Yes,3400,480,854,5,5
ivoomi,4000,5,Yes,4,3,32,android,Yes,Yes,Yes,2,No,Yes,4299,720,1440,13,8
micromax,1600,4,Yes,4,1,8,android,Yes,Yes,Yes,2,Yes,Yes,4499,480,800,5,2
itel,2400,5,Yes,8,2,16,android,No,No,No,1,No,No,4450,720,1440,8,5
samsung,4000,6,Yes,8,3,32,android,Yes,Yes,No,1,No,No,9900,720,1560,13,8
panasonic,1400,4,Yes,2,0,4,android,Yes,Yes,No,2,Yes,No,2000,480,800,2,0
karbonn,2000,4,Yes,1,0,1,android,Yes,Yes,Yes,2,Yes,No,2599,480,800,2,0
lephone,2000,5,Yes,4,2,16,android,Yes,Yes,Yes,2,Yes,Yes,3970,720,1280,8,5
xolo,3000,5,Yes,4,1,16,android,Yes,Yes,Yes,2,Yes,Yes,3999,720,1440,8,5
micromax,2000,5,Yes,4,2,16,android,Yes,Yes,Yes,2,Yes,Yes,4299,720,1280,8,5
xolo,4000,6,Yes,4,2,16,android,Yes,Yes,Yes,2,Yes,No,18138,1080,1920,13,5
oppo,3500,6,Yes,8,8,128,android,Yes,Yes,Yes,1,No,No,17990,1080,2280,16,25
coolpad,4000,6,Yes,8,4,64,android,Yes,Yes,Yes,1,No,No,6999,720,1520,13,16
micromax,2500,5,Yes,4,1,8,android,Yes,Yes,Yes,2,Yes,No,5970,720,1280,8,8
lava,2000,5,Yes,4,0,4,android,Yes,Yes,Yes,2,Yes,Yes,4949,720,1280,5,2
intex,1700,5,Yes,4,2,16,android,Yes,Yes,No,2,Yes,No,7500,720,1280,8,5
lava,1500,4,Yes,1,0,1,android,Yes,Yes,No,2,Yes,No,1999,480,800,2,0
xolo,2100,5,Yes,8,2,16,android,Yes,Yes,Yes,2,Yes,No,5888,720,1280,13,5
vivo,2350,5,Yes,4,2,16,android,Yes,Yes,Yes,2,Yes,Yes,9099,540,960,8,5
intex,2200,5,Yes,4,1,8,android,Yes,Yes,Yes,1,No,No,3799,720,1280,5,2
micromax,2000,5,Yes,4,0,2,android,Yes,Yes,Yes,2,Yes,No,2399,480,854,5,2
tecno,4000,6,Yes,8,4,32,android,Yes,Yes,Yes,2,Yes,Yes,8966,1080,1920,13,16
google,3700,6,Yes,8,4,64,android,Yes,Yes,Yes,1,Yes,Yes,34999,1080,2160,12,8
zopo,2300,6,Yes,4,1,16,android,Yes,Yes,Yes,2,Yes,No,4333,720,1280,8,2
blackberry,2880,5,Yes,2,2,16,blackberry,Yes,Yes,Yes,1,Yes,Yes,8300,720,1280,8,2
cat,4500,5,Yes,8,4,64,android,Yes,Yes,No,1,No,No,67900,1080,1920,16,8
coolpad,2500,5,Yes,4,2,16,android,Yes,Yes,Yes,1,Yes,Yes,4610,720,1280,8,5
itel,2400,5,Yes,4,2,16,android,Yes,Yes,Yes,2,Yes,Yes,6506,480,854,5,5
intex,2000,4,No,4,0,4,android,Yes,Yes,No,1,No,No,4999,480,800,5,0
htc,2600,5,Yes,4,2,16,android,Yes,Yes,Yes,1,Yes,Yes,28500,1080,1920,13,5
motorola,2390,5,Yes,4,1,8,android,Yes,Yes,Yes,1,Yes,No,4999,540,960,5,0
nokia,4100,5,Yes,4,1,8,android,Yes,Yes,Yes,2,Yes,Yes,6999,720,1280,8,5
lyf,2000,5,Yes,4,1,8,android,Yes,Yes,Yes,2,No,Yes,3590,480,854,5,2
lava,4000,5,Yes,4,1,8,android,Yes,Yes,Yes,2,Yes,No,4299,720,1280,10,2
panasonic,2500,5,Yes,4,3,32,android,Yes,Yes,Yes,2,Yes,Yes,5490,720,1280,13,5
infocus,2600,6,Yes,4,2,16,android,Yes,Yes,Yes,2,Yes,Yes,6990,720,1280,13,8
intex,2000,5,Yes,4,1,8,android,Yes,Yes,Yes,2,Yes,Yes,2700,480,854,5,0
itel,2400,5,Yes,4,1,8,android,Yes,Yes,Yes,2,Yes,Yes,3751,480,960,5,2
google,2800,6,Yes,8,6,64,android,Yes,Yes,Yes,2,Yes,Yes,69500,1080,2280,16,8
karbonn,2800,6,Yes,4,1,8,android,Yes,Yes,Yes,2,Yes,Yes,5900,720,1280,5,3
vivo,3360,6,Yes,4,3,16,android,Yes,Yes,Yes,2,Yes,Yes,8500,720,1440,13,5
blackberry,4000,6,Yes,8,4,64,android,Yes,Yes,Yes,1,No,No,13999,1080,2160,13,16
xiaomi,4000,6,Yes,8,3,32,android,Yes,Yes,Yes,2,Yes,Yes,9699,1080,2340,12,13
lava,2500,5,Yes,4,2,16,android,Yes,Yes,Yes,2,Yes,Yes,5279,720,1280,8,5
micromax,2500,5,Yes,8,2,8,android,Yes,Yes,Yes,2,Yes,No,4999,720,1280,13,5
lyf,3500,6,Yes,8,3,32,android,Yes,Yes,Yes,2,Yes,Yes,12999,1080,1920,13,5
nubia,5000,6,Yes,8,3,32,android,Yes,Yes,Yes,2,Yes,Yes,11999,1080,1920,13,13
samsung,2600,5,Yes,4,2,16,android,Yes,Yes,Yes,2,Yes,Yes,10480,720,1280,8,5
zen,2000,5,Yes,4,1,8,android,Yes,Yes,No,2,Yes,Yes,4790,720,1280,5,2
karbonn,2300,5,Yes,4,1,8,android,Yes,Yes,Yes,2,Yes,Yes,3800,480,854,5,2
motorola,3900,5,Yes,4,3,64,android,Yes,Yes,Yes,1,Yes,Yes,31999,1440,2560,21,2
lenovo,4000,6,Yes,10,3,32,android,Yes,Yes,Yes,2,Yes,Yes,7299,1080,1920,13,13
panasonic,2450,5,Yes,4,3,32,android,Yes,Yes,Yes,2,Yes,Yes,5599,720,1280,8,5
apple,2691,6,Yes,6,3,64,ios,Yes,Yes,Yes,1,Yes,Yes,47000,1080,1920,12,7
htc,2700,6,Yes,4,2,32,android,Yes,Yes,Yes,2,Yes,Yes,16000,720,1280,13,5
samsung,3200,6,Yes,8,3,32,android,Yes,Yes,Yes,1,Yes,Yes,50650,1080,1920,13,2
xiaomi,2200,5,Yes,4,2,16,android,Yes,Yes,Yes,2,Yes,Yes,6999,720,1280,8,2
xiaomi,3000,5,Yes,4,2,16,android,Yes,Yes,Yes,2,Yes,Yes,5699,720,1440,13,5
xolo,2250,5,Yes,4,1,8,android,Yes,Yes,Yes,2,Yes,No,13606,720,1280,8,2
lenovo,2900,6,Yes,8,2,8,android,Yes,Yes,Yes,2,Yes,Yes,6666,720,1280,8,5
htc,2000,5,Yes,8,2,16,android,Yes,Yes,Yes,2,Yes,Yes,5499,720,1280,13,5
blu,2300,5,Yes,4,2,16,android,Yes,Yes,Yes,2,Yes,Yes,7999,720,1280,13,5
lyf,3000,6,Yes,8,2,16,android,Yes,Yes,Yes,2,Yes,Yes,494,1080,1920,13,5
tambo,2100,5,Yes,4,1,16,android,Yes,Yes,Yes,2,Yes,Yes,3790,480,960,5,5
intex,2500,5,Yes,4,1,8,android,Yes,Yes,Yes,2,Yes,No,3333,480,854,5,0
micromax,2000,5,Yes,4,1,8,android,Yes,Yes,Yes,2,Yes,No,3999,480,800,8,2
samsung,2550,5,Yes,8,3,32,android,Yes,Yes,Yes,1,Yes,Yes,25999,1440,2560,16,5
oppo,4065,7,Yes,8,6,128,android,Yes,Yes,Yes,2,Yes,Yes,36990,1080,2340,48,16
intex,2500,5,Yes,4,1,8,android,Yes,Yes,Yes,2,Yes,Yes,2999,720,1280,8,2
lyf,2920,5,Yes,1,2,16,android,Yes,Yes,Yes,2,Yes,Yes,4999,720,1280,13,5
panasonic,2500,5,Yes,4,3,16,android,Yes,Yes,Yes,2,Yes,Yes,8440,720,1280,13,5
asus,5000,6,Yes,4,2,16,android,Yes,Yes,Yes,2,Yes,Yes,4999,720,1280,13,5
lg,2700,5,Yes,6,2,16,android,Yes,Yes,Yes,1,Yes,Yes,25990,1080,1920,12,5
karbonn,2200,5,Yes,4,1,16,android,Yes,Yes,Yes,2,Yes,Yes,4190,480,854,8,5
samsung,3000,6,Yes,4,3,32,android,Yes,Yes,Yes,1,Yes,Yes,29950,1600,2560,16,3
sony,2620,5,Yes,8,2,16,android,Yes,Yes,Yes,2,Yes,Yes,9990,720,1280,13,8
iball,2300,5,Yes,4,1,8,android,Yes,Yes,Yes,2,Yes,Yes,4890,480,854,5,2
asus,3000,6,Yes,4,4,32,android,Yes,Yes,Yes,1,Yes,Yes,6449,1080,1920,16,12
samsung,3000,5,Yes,8,3,32,android,Yes,Yes,Yes,2,Yes,Yes,18999,1080,1920,16,16
lg,3000,6,Yes,8,4,64,android,Yes,Yes,Yes,2,No,No,35999,1440,3120,16,8
motorola,5000,6,Yes,8,3,32,android,Yes,Yes,Yes,2,Yes,Yes,9399,720,1440,12,5
micromax,1400,4,Yes,4,1,8,android,Yes,Yes,Yes,2,Yes,No,3195,480,800,5,0
micromax,1650,5,Yes,4,0,4,android,Yes,Yes,Yes,2,Yes,No,2999,480,854,5,2
samsung,3300,6,Yes,4,4,64,android,Yes,Yes,Yes,1,No,No,11999,720,1480,13,8
gionee,4000,5,Yes,4,3,16,android,Yes,Yes,Yes,2,Yes,Yes,5699,720,1280,13,16
asus,4000,6,Yes,8,3,32,android,Yes,Yes,Yes,2,Yes,Yes,7499,720,1520,13,8
intex,2450,5,Yes,4,1,8,android,Yes,Yes,Yes,2,Yes,No,3999,480,854,5,5
gionee,2700,5,Yes,8,2,16,android,Yes,Yes,Yes,2,Yes,Yes,15999,1080,1920,13,8
nubia,3000,5,Yes,8,4,64,android,Yes,Yes,Yes,2,Yes,Yes,16999,1080,1920,23,13
lava,3000,6,Yes,4,2,16,android,No,No,No,2,No,No,7999,720,1440,13,8
xolo,2800,6,Yes,4,1,8,android,Yes,Yes,Yes,2,Yes,No,6998,720,1280,8,2
lenovo,4000,5,Yes,4,2,16,android,Yes,Yes,Yes,2,Yes,Yes,5300,720,1440,13,8
asus,2070,5,Yes,4,1,8,android,Yes,Yes,Yes,2,Yes,No,3999,480,854,5,0
nokia,2000,5,Yes,2,0,8,windows,Yes,Yes,Yes,1,Yes,Yes,4999,480,800,5,0
lenovo,2900,6,Yes,4,2,16,android,Yes,Yes,Yes,2,Yes,Yes,6990,720,1280,8,2
samsung,1950,4,No,4,2,16,android,Yes,Yes,Yes,1,No,Yes,16990,480,800,8,5
zen,1800,5,Yes,4,1,8,android,Yes,Yes,Yes,2,Yes,No,2639,480,854,5,2
htc,2600,6,Yes,8,2,16,android,Yes,Yes,Yes,2,Yes,Yes,25500,720,1280,13,8
nokia,3800,6,Yes,8,4,64,android,Yes,Yes,Yes,2,Yes,Yes,12000,1080,2160,12,16
infinix,4350,6,Yes,8,6,64,android,Yes,Yes,Yes,2,Yes,Yes,12999,1080,1920,12,16
micromax,2500,5,Yes,8,2,16,android,Yes,Yes,Yes,2,Yes,Yes,4799,720,1280,13,5
intex,1400,4,Yes,4,1,8,android,Yes,Yes,Yes,2,Yes,No,3599,480,800,5,0
xiaomi,4000,6,Yes,8,3,32,android,Yes,Yes,Yes,2,Yes,Yes,8649,1080,2340,48,13
intex,2100,5,Yes,4,2,16,android,Yes,Yes,Yes,2,No,Yes,7490,720,1280,13,5
htc,1800,4,Yes,4,1,4,android,Yes,Yes,Yes,2,Yes,No,19000,480,800,8,1
intex,2500,5,Yes,4,2,16,android,Yes,Yes,Yes,2,Yes,Yes,4970,720,1280,8,5
motorola,4000,6,Yes,8,4,64,android,Yes,Yes,Yes,2,Yes,Yes,8999,720,1520,13,8
oneplus,4000,7,Yes,8,6,128,android,Yes,Yes,Yes,2,Yes,Yes,39995,1440,3120,48,16
honor,3020,5,Yes,8,3,32,android,Yes,Yes,Yes,2,Yes,Yes,8499,720,1280,13,5
xiaomi,5000,6,Yes,8,2,32,android,Yes,Yes,Yes,2,Yes,Yes,6499,720,1520,13,8
coolpad,2700,5,Yes,8,2,16,android,Yes,Yes,Yes,2,Yes,Yes,4999,1080,1920,13,8
intex,2000,5,Yes,4,0,8,android,Yes,Yes,Yes,2,Yes,No,3699,480,854,8,2
samsung,3300,6,Yes,8,3,16,android,Yes,Yes,Yes,2,Yes,Yes,15995,1080,1920,13,8
vivo,3000,6,Yes,8,3,32,android,Yes,Yes,Yes,2,Yes,Yes,9500,720,1280,13,16
oneplus,3700,6,Yes,8,6,128,android,Yes,Yes,Yes,2,Yes,Yes,31999,1080,2340,16,16
micromax,4000,6,Yes,8,2,32,android,Yes,Yes,Yes,2,Yes,Yes,5899,720,1500,13,8
lava,1750,5,Yes,2,0,8,android,Yes,Yes,Yes,2,Yes,No,1999,480,854,3,0
cat,5000,5,Yes,8,3,32,android,Yes,Yes,Yes,2,No,No,44990,1080,1920,13,8
samsung,2600,5,Yes,4,1,8,tizen,Yes,Yes,Yes,2,Yes,No,4990,720,1280,8,5
lg,3140,6,Yes,2,1,8,android,Yes,Yes,Yes,2,Yes,No,5899,540,960,8,1
infocus,2450,5,Yes,8,2,16,android,Yes,Yes,No,1,Yes,Yes,4490,1080,1920,13,5
vivo,3285,6,Yes,4,2,16,android,No,Yes,No,1,No,No,7500,720,1440,8,5
xolo,2500,5,Yes,4,2,16,android,Yes,Yes,Yes,2,Yes,Yes,6099,720,1280,8,5
lenovo,4900,6,Yes,8,2,32,android,Yes,Yes,Yes,2,Yes,Yes,15999,1080,1920,13,5
lava,2800,6,Yes,4,2,32,android,Yes,Yes,No,2,No,Yes,4999,720,1280,8,5
ivoomi,2800,5,Yes,4,1,8,android,Yes,Yes,Yes,2,Yes,Yes,2999,480,854,5,5
micromax,2000,5,No,4,1,8,android,Yes,Yes,Yes,2,Yes,No,6999,480,854,5,5
intex,2500,5,Yes,4,0,8,android,Yes,Yes,Yes,2,Yes,No,2658,480,854,2,0
micromax,2900,6,Yes,4,3,32,android,Yes,Yes,Yes,2,Yes,Yes,4991,720,1440,13,16
asus,3000,6,Yes,8,4,64,android,Yes,Yes,Yes,2,Yes,Yes,6998,720,1280,16,20
ziox,2500,5,Yes,4,1,16,android,Yes,Yes,Yes,1,No,No,3599,720,1280,8,8
motorola,3500,6,Yes,8,4,128,android,Yes,Yes,Yes,2,Yes,Yes,9999,1080,2520,12,12
apple,2942,6,Yes,6,3,64,ios,Yes,Yes,Yes,2,Yes,Yes,45499,828,1792,12,7
coolpad,2500,5,Yes,4,2,16,android,Yes,Yes,No,1,No,No,3900,720,1440,8,5
lenovo,5000,6,Yes,8,3,32,android,Yes,Yes,Yes,2,Yes,Yes,7679,1080,1920,13,5
honor,4000,6,Yes,8,4,32,android,Yes,Yes,Yes,2,Yes,Yes,7999,720,1520,13,8
samsung,2600,5,Yes,1,1,8,android,Yes,No,No,2,No,No,5990,540,960,8,5
karbonn,2000,5,Yes,4,1,8,android,Yes,Yes,Yes,2,Yes,No,8700,540,960,8,3
xolo,3200,6,Yes,8,2,16,android,Yes,Yes,Yes,2,Yes,Yes,11936,1080,1920,13,5
comio,4000,5,Yes,4,2,16,android,Yes,Yes,Yes,2,Yes,Yes,4199,720,1280,8,8
infocus,3000,6,Yes,10,3,32,android,Yes,Yes,Yes,2,Yes,Yes,10999,1080,1920,16,8
micromax,3000,6,Yes,8,4,64,android,Yes,Yes,Yes,2,Yes,Yes,6999,720,1440,20,16
iball,1250,4,Yes,1,0,1,android,Yes,Yes,Yes,2,Yes,No,2499,320,480,2,0
xiaomi,3400,6,Yes,8,6,64,android,Yes,Yes,Yes,2,Yes,Yes,29999,1080,2160,12,5
samsung,3000,6,Yes,8,2,16,android,Yes,Yes,Yes,2,Yes,Yes,10990,720,1280,13,5
htc,2800,6,Yes,8,3,32,android,Yes,Yes,No,1,Yes,Yes,7999,1080,1920,13,4
vivo,5000,7,Yes,8,4,64,android,Yes,Yes,Yes,2,Yes,Yes,12990,1080,2340,16,32
sony,2900,5,Yes,4,4,32,android,Yes,Yes,Yes,2,Yes,Yes,29990,1080,1920,19,13
samsung,2600,5,Yes,4,1,8,android,Yes,Yes,Yes,1,Yes,Yes,4999,720,1280,8,5
nokia,2150,5,Yes,4,1,8,android,Yes,Yes,Yes,2,Yes,Yes,4672,480,854,5,2
vivo,3200,6,Yes,8,6,64,android,Yes,Yes,Yes,2,Yes,Yes,18290,1080,2280,12,12
lyf,2920,6,Yes,4,2,16,android,Yes,Yes,Yes,2,Yes,Yes,4999,720,1280,8,2
intex,1800,5,Yes,4,1,8,android,Yes,Yes,Yes,2,Yes,Yes,4499,480,584,5,2
intex,1500,5,Yes,4,1,8,android,Yes,Yes,Yes,2,Yes,No,4750,480,854,2,0
sony,3430,6,Yes,8,3,32,android,Yes,Yes,Yes,2,Yes,Yes,57500,2160,3840,23,5
karbonn,2300,4,Yes,4,1,8,android,Yes,Yes,No,2,No,No,2754,480,800,2,0
honor,3000,5,Yes,8,2,16,android,Yes,Yes,Yes,2,Yes,No,9999,1080,1920,13,8
